-- phpMyAdmin SQL Dump
-- version 4.0.9
-- http://www.phpmyadmin.net
--
-- Host: 127.0.0.1
-- Generation Time: Apr 24, 2020 at 10:18 PM
-- Server version: 5.6.14
-- PHP Version: 5.5.6

SET SQL_MODE = "NO_AUTO_VALUE_ON_ZERO";
SET time_zone = "+00:00";


/*!40101 SET @OLD_CHARACTER_SET_CLIENT=@@CHARACTER_SET_CLIENT */;
/*!40101 SET @OLD_CHARACTER_SET_RESULTS=@@CHARACTER_SET_RESULTS */;
/*!40101 SET @OLD_COLLATION_CONNECTION=@@COLLATION_CONNECTION */;
/*!40101 SET NAMES utf8 */;

--
-- Database: `althealth_database.`
--

-- --------------------------------------------------------

--
-- Table structure for table `tblclientinfo`
--

CREATE TABLE IF NOT EXISTS `tblclientinfo` (
  `Client_id` varchar(15) NOT NULL,
  `C_name` varchar(30) NOT NULL,
  `C_surname` varchar(50) NOT NULL,
  `Address` varchar(200) NOT NULL,
  `Code` varchar(4) NOT NULL,
  `C_Tel_H` varchar(20) NOT NULL,
  `C_Tel_W` varchar(20) NOT NULL,
  `C_Tel_Cell` varchar(20) NOT NULL,
  `C_Email` varchar(200) NOT NULL,
  `Reference_ID` varchar(20) NOT NULL,
  PRIMARY KEY (`Client_id`),
  KEY `Client_id` (`Client_id`),
  KEY `Reference_ID` (`Reference_ID`),
  KEY `Reference_ID_2` (`Reference_ID`),
  KEY `Reference_ID_3` (`Reference_ID`),
  KEY `Reference_ID_4` (`Reference_ID`)
) ENGINE=InnoDB DEFAULT CHARSET=latin1;

--
-- Dumping data for table `tblclientinfo`
--

INSERT INTO `tblclientinfo` (`Client_id`, `C_name`, `C_surname`, `Address`, `Code`, `C_Tel_H`, `C_Tel_W`, `C_Tel_Cell`, `C_Email`, `Reference_ID`) VALUES
('1003250239088', 'Brian ', 'Kekana', '1 DISCOVERY PLACE SANDTON CITY', '2196', '(047)-(773)-(5345)', '', '(087)-(708)-(7445)', 'BKekana@myweb.co.za', '2'),
('1004050642083', 'Linda', 'Makapela', 'UNIT 133 ALLDRIN ROAD MONTANA', '0182', '(095)-(226)-(0905)', '(010)-(354)-(9589)', '(051)-(680)-(6529)', 'Ma@mailweb.org', '2'),
('1011060902084', 'Balungile ', 'Klassen', '184 TOSS NGILIMA STREET TAMBOVILLE', '1693', '(045)-(596)-(0647)', '', '(035)-(727)-(6040)', 'BKla@mailman.co.za', '1'),
('1012070281082', 'Phakamani ', 'Gamede', '13 DE BEER STREET 4TH FLOOR NORTH FIELD BUILDING BRAAMFONTEIN', '2001', '(082)-(238)-(3065)', '(062)-(187)-(6668)', '(080)-(192)-(4779)', '', '2'),
('1204030632082', 'Sonica', 'Ebrahim', '809 JEFF''S PLACE 1388 FRANCIS BAARD PRETORIA', '0002', '(026)-(471)-(1491)', '(047)-(465)-(4475)', '(073)-(113)-(6410)', 'SonicEbr@mememail.org.za''', '2'),
('1307090536085', 'Matome ', 'Khomola', 'P O BOX 1310 PIETERMARITZBURG', '3200', '(033)-(373)-(9047)', '(016)-(694)-(1286)', '(047)-(840)-(6135)', 'MaKhom@yeboyes.co.za', '2'),
('1308190287088', 'Josaya ', 'Chabvonga', 'P O BOX 101048 MORELETA PLAZA', '0167', '(079)-(644)-(8637)', '(082)-(574)-(5772)', '(083)-(303)-(0923)', 'JosayChabvo@mememail.org.za''', '1'),
('151021036088', 'Shaun ', 'Lesch', '11814 TIMA STREET MAMELODI EAST', '0122', '(028)-(699)-(2379)', '(071)-(870)-(0610)', '(033)-(657)-(6105)', 'Les@themail.com', '1'),
('1512140600088', 'Tlou', 'Chibase', '8888 ESCOMBE ROAD RIETVALLEI PARK', '0157', '(046)-(763)-(2689)', '(089)-(690)-(5609)', '(029)-(745)-(5153)', '', '2'),
('1512170591085', 'Muteba ', 'Khobane', 'P O BOX 11103 DIE HOEWES', '0163', '(085)-(232)-(4944)', '(033)-(351)-(5265)', '(061)-(264)-(1633)', 'Khoba@mememail.org.za''', '2'),
('1603220911086', 'Ricardo ', 'Makhonza', '33 GENERAL KEMP DRIVE SHARON PARK', '1496', '(054)-(938)-(6348)', '(083)-(555)-(9756)', '(087)-(326)-(7227)', '', '2'),
('1604070370087', 'Abiot ', 'Dlamini', '33 MOUNTBATTEN DRIVE RESERVOIR HILLS', '4091', '(045)-(468)-(3722)', '', '(076)-(873)-(0413)', 'Dlami@yeboyes.co.za', '2'),
('1704180177085', 'Leeto ', 'Legane', 'P O BOX 13988 SIBASA', '0970', '(079)-(991)-(3083)', '(090)-(316)-(1396)', '(095)-(722)-(9998)', 'LeL@mailweb.org', '2'),
('1803090222085', 'Tshepo ', 'Makhuvele', 'P O BOX 14431 LYTTELTON', '0140', '(042)-(858)-(6305)', '(068)-(611)-(4953)', '(081)-(622)-(7192)', '', '2'),
('1804030915086', 'Saegan', 'Hicks', 'P O BOX 1131 THULAMAHASHE', '1365', '(045)-(818)-(7526)', '(087)-(674)-(6107)', '(092)-(670)-(4100)', 'SaH@themail.com', '2'),
('1805020907085', 'Leeto ', 'Duiker', '11 WINCHESTER CRESCENT AMALINDA', '5247', '(078)-(737)-(1431)', '(096)-(254)-(4003)', '(016)-(174)-(7061)', '', '2'),
('1902060828085', 'Xolile', 'Gungudoo', 'EY, 101 RIVONIA ROAD SANDTON', '2196', '(069)-(374)-(2180)', '(069)-(683)-(4871)', '(031)-(526)-(1444)', '', '2'),
('1906040694086', 'Ngwagu ', 'Khoza', '11883 HONEYGUIDE STREET NKWE ESTETE ROSSLYN', '0182', '(096)-(936)-(6354)', '(070)-(718)-(2066)', '(089)-(146)-(9790)', '', '2'),
('1908150375082', 'Cliff', 'Bomela', 'UNIT 1 MAJESTIC TOWERS 40 EMPIRE ROAD PARKTOWN', '2193', '', '(029)-(565)-(6703)', '(046)-(976)-(2408)', 'CliBomela@themail.com', '2'),
('2008190919082', 'Shaun ', 'Maarman', 'P O BOX 18848 GIYANI', '0826', '(013)-(667)-(4505)', '(034)-(674)-(9222)', '(029)-(678)-(7921)', 'SMaarma@mailweb.org', '2'),
('2009210740082', 'Mari', 'Maredi', '56518 MAMAGWAILE STR UNIT 14 MMABATHO', '2790', '(045)-(103)-(4645)', '(099)-(891)-(3383)', '(097)-(777)-(6343)', 'MarMaredi@myweb.co.za', '2'),
('2102130913085', 'Heinrich', 'Dlamini', 'C303 NIGHTINGALE CLOSE NIGHTINGALE WAY PINELANDS', '7405', '(044)-(698)-(4141)', '(083)-(433)-(8338)', '(060)-(857)-(4045)', 'HeinDla@privatemail.co.za', '2'),
('2109050549084', 'Matete', 'Magodielo', '1391 BLUE CURRENT STREET KIRKNEY', '0182', '(018)-(226)-(0355)', '(088)-(176)-(6830)', '(095)-(111)-(3227)', 'Magod@mailman.co.za', '2'),
('2111130577081', 'Seturumane ', 'Dharamraj', 'P O BOX 1044 BRITS', '0250', '(068)-(229)-(8911)', '(077)-(369)-(0677)', '(059)-(887)-(6249)', 'SetuDhar@yeboyes.co.za', '2'),
('2202040449087', 'Sheldon ', 'Matlakeng', '19 EILEEN COURT KIMBERLEY', '8301', '(095)-(929)-(6409)', '(052)-(951)-(8041)', '(016)-(918)-(8075)', '', '2'),
('2205140565082', 'Echelle ', 'Koeberg', 'A880889 MPANGELE DRIVE KWANDENGEZI', '3607', '(089)-(550)-(1302)', '(034)-(444)-(6256)', '', 'EcheK@yeboyes.co.za', '2'),
('2207010632083', 'Nyakallo', 'Kupke', '4339 ISIMUKU AND SILBARK STREET BIRCH ACRES EXT 188', '1618', '(069)-(890)-(2589)', '(014)-(793)-(1379)', '(076)-(660)-(5008)', 'NKupk@privatemail.co.za', '2'),
('2210130900088', 'Dion', 'Mabanga', '4883/140 SOPHIATOWN DIFATENG', '1632', '(056)-(682)-(7433)', '(094)-(748)-(1506)', '', 'DioM@myweb.co.za', '2'),
('2511130529083', 'Tshilidzi', 'Metcalf', '1 ZOTOS TOWERS 883 GLEN ROAD BRAMLEY PARK', '2090', '(091)-(822)-(4741)', '(030)-(891)-(2945)', '(040)-(576)-(1210)', '', '1'),
('2605150205088', 'Busisiwe', 'Du Plessis', '08 ESSELIN STREET BOKSBURG', '1459', '(066)-(762)-(2975)', '', '(058)-(901)-(5043)', 'BusD@yeboyes.co.za', '1'),
('2612230397082', 'Mbheki ', 'Ekanayake', '318 FESTIVAL STREET HATFIELD', '0083', '(082)-(456)-(6558)', '(078)-(858)-(5438)', '(094)-(917)-(3773)', '', '4'),
('2704170868088', 'Shelley-Anne ', 'Madia', '190 SCHEIDING STREET 110 STATION PLACE FLAT PRETORIA CBD CENTRAL', '0002', '(074)-(148)-(7156)', '(087)-(414)-(0779)', '(012)-(919)-(2724)', 'SMad@myweb.co.za', '2'),
('2707050803087', 'Marc ', 'Baloyi', '9 HAARHOF STREET NEW PARK', '8301', '(047)-(916)-(0130)', '(076)-(570)-(4161)', '(088)-(221)-(7304)', '', '2'),
('2711130236088', 'Sango', 'Brown', '38801 PIKES PEAK PLACE LENASIA SOUTH EXT 4', '1829', '(054)-(537)-(0684)', '(071)-(819)-(0681)', '(020)-(836)-(2141)', '', '2'),
('2802270531083', 'Nonjabulo', 'Mafogo', 'P O BOX 8856581 ELDOGLEN', '0171', '(068)-(535)-(6596)', '(088)-(942)-(5179)', '(062)-(571)-(6982)', 'NonM@privatemail.co.za', '2'),
('2804070757085', 'Edwin', 'Chilinda', '1880 MABEL STREET ROSETTENVILLE', '2190', '(040)-(139)-(2394)', '(082)-(568)-(0086)', '', '', '1'),
('2804220399085', 'Tsholofelo ', 'Benjamin', '94 BEYERS STREET KRUGERSDORP WEST', '1739', '(069)-(642)-(6052)', '(024)-(785)-(8235)', '(098)-(916)-(2699)', 'TsholBenja@mailman.co.za', '2'),
('2804240555087', 'Rene', 'Makhonza', 'P O BOX 88031 MMABATHO', '2735', '(018)-(691)-(6329)', '(093)-(745)-(6785)', '(098)-(359)-(9033)', 'RMak@themail.com', '2'),
('2809270394087', 'Simphiwe ', 'Jacobs', '131 WALKER STREET 4088 DRIEANKERHOF MUCKLENEUK', '0002', '(056)-(696)-(9341)', '(046)-(824)-(4917)', '(063)-(901)-(4440)', 'SiJacob@myweb.co.za', '1'),
('2902030264083', 'Trevor ', 'Ganga-Scott', '1401 BLOCK U MABOPANE', '0190', '(026)-(738)-(3010)', '(066)-(653)-(3994)', '(028)-(372)-(8183)', 'TreGan@mememail.org.za''', '2'),
('2909270467081', 'Desmond', 'Louvouezo Banzouzi', '3880 SEKHI STREET TSHIAWELO EXT 3', '1818', '(063)-(659)-(5343)', '(072)-(927)-(3033)', '(010)-(405)-(4523)', 'DLou@yeboyes.co.za', '2'),
('3004230801084', 'Shaun ', 'Geitner', 'TALI''S PLACE UNIT 16653 CNR GOUD & ALBERTINA SISULU JOHANNESBURG', '2001', '(016)-(274)-(7068)', '(078)-(840)-(6582)', '(050)-(869)-(3499)', '', '2'),
('3212110757087', 'Navisha', 'Baloyi', 'UNIT 40, LITTLE MANHATTEN V PRETORIA WEST', '0183', '(095)-(228)-(6921)', '(064)-(897)-(8331)', '(070)-(491)-(1699)', 'NBaloyi@privatemail.co.za', '2'),
('3306170196085', 'Sinqobile', 'Dzegere', '1883 HARINAGAR DRIVE SHALLCROSS', '4093', '(068)-(847)-(4612)', '(036)-(985)-(1832)', '(020)-(482)-(8106)', 'SDzeger@themail.com', '2'),
('3411260488085', 'Edwin ', 'Dzegere', 'P O BOX 18808 GIYANI', '0826', '(066)-(697)-(3800)', '(049)-(328)-(9463)', '', 'EdD@themail.com', '2'),
('3502010805081', 'Nasreen', 'Lee', 'P O BOX 880 LENASIA', '1821', '(099)-(597)-(8618)', '(066)-(496)-(1886)', '(054)-(499)-(3418)', 'NasrL@mailweb.org', '2'),
('3508030550085', 'Sean', 'Cobokana', 'P O BOX 166588 SEKHUKHUNE', '1124', '(028)-(582)-(4201)', '(063)-(273)-(8384)', '(062)-(194)-(0939)', '', '2'),
('3602250350086', 'Moyahabo ', 'Mbonani', '09 WEAVERS NEST THE WILDS', '0081', '(084)-(780)-(3175)', '(030)-(900)-(6360)', '(026)-(724)-(4857)', 'M@privatemail.co.za', '2'),
('3810250735087', 'Berry ', 'Chilinda', 'P O BOX 1880 LWAMONDO', '0985', '(055)-(447)-(9618)', '', '(047)-(517)-(6398)', 'BerrChil@myweb.co.za', '2'),
('3909170450081', 'Johanna ', 'Jojo', 'P O BOX 131188 NORKEM PARK', '1631', '(041)-(724)-(3675)', '(082)-(563)-(0961)', '(085)-(773)-(3202)', 'Jojo@privatemail.co.za', '4'),
('4003100886084', 'George ', 'Mhatlhe', '1 MOUNTAIN BREEZE ESTATE WATERFALL EAST', '0299', '(090)-(901)-(7137)', '(071)-(557)-(1855)', '(074)-(336)-(2832)', 'GeorgMh@mememail.org.za''', '2'),
('400422050085', 'Adriaan', 'Fourie', '1134 13TH ROAD MIDRAND', '1682', '(090)-(749)-(3083)', '', '(084)-(115)-(6587)', 'AFourie@themail.com', '2'),
('4004220578084', 'Matthew ', 'Booysen', '10 MIDSOMER CRESCENT SOMERSET PARK', '4319', '(039)-(370)-(8432)', '(033)-(143)-(3745)', '(037)-(166)-(5231)', 'MatthBo@mailweb.org', '1'),
('4005040289082', 'Thomas ', 'De Wet', '88 ST DAVIDS ROAD MALVERN EAST EXT 3', '2007', '(012)-(981)-(2486)', '(063)-(494)-(7221)', '(019)-(182)-(8998)', '', '2'),
('4204250189082', 'Byron ', 'Booysen', '88 STOCKTON ROAD BEREA', '5241', '(072)-(367)-(8364)', '', '(084)-(179)-(0812)', 'Booy@mailweb.org', '2'),
('4302130387083', 'Eunice ', 'Le Masson', '19 MICHAEL STREET LINMEYER', '2190', '(033)-(677)-(7961)', '(022)-(428)-(5476)', '', 'EuLe M@yeboyes.co.za', '2'),
('4307190367081', 'Penelope', 'Dube', '988 ANN STREET CLAYVILLE EAST', '1666', '(039)-(391)-(8991)', '(059)-(376)-(0655)', '(095)-(817)-(2290)', 'PeneDu@myweb.co.za', '2'),
('4510260369082', 'Nomvula ', 'Baulraj', 'HOUSE 31 - 18804 1 CARNATION CRESCENT EBONY PARK EXT 1', '1632', '(057)-(225)-(3056)', '(020)-(496)-(7366)', '(022)-(944)-(3343)', 'NomvBa@privatemail.co.za', '2'),
('4511070585086', 'Mcebisi ', 'Baloyi', '31 BIRD STREET 4 SILVERTONHILL PORT ELIZABETH', '6001', '(095)-(979)-(3460)', '(061)-(687)-(5206)', '(039)-(276)-(1991)', '', '2'),
('4601060401083', 'Francois', 'Mathobela', 'UNIT 888 FOREST HILL 1 BRUSHWOOD LANE NORTHWOLD', '2188', '(098)-(850)-(1057)', '(036)-(784)-(1914)', '', 'FrancMatho@themail.com', '1'),
('4603230789086', 'Nkgopoleng ', 'Maritz', '13 LAURELEA 113 BLUNDELL ROAD ESCOMBE', '4093', '(064)-(748)-(3955)', '(037)-(482)-(9390)', '(034)-(594)-(2225)', 'Marit@privatemail.co.za', '2'),
('4605100562088', 'Ndivhuwo ', 'Easton', 'P O BOX 11330 HATFIELD', '0028', '(012)-(746)-(9790)', '(095)-(424)-(3548)', '(010)-(202)-(4187)', 'NdivhEas@mailman.co.za', '1'),
('4702060556086', 'Tshilidzi', 'Iliev', 'P O BOX 1088 GROENKLOOF', '0027', '(062)-(427)-(3660)', '(059)-(980)-(5988)', '(052)-(325)-(1206)', '', '1'),
('4708110702087', 'Gert ', 'Lea', '831 VILLIA ITALIA 988 RATANGA ROAD CENTURY CITY , CAPE TOWN CENTURY CITY', '7441', '(022)-(440)-(6104)', '(033)-(699)-(7599)', '(031)-(628)-(8419)', '', '2'),
('4710160845084', 'Daisy ', 'Makwana', '103A CEDERBERG 113 HAMILTON STREET PRETORIA', '0002', '', '(068)-(127)-(4419)', '(043)-(201)-(7828)', 'DaMakwa@themail.com', '2'),
('47120603088', 'Itumeleng ', 'Makapela', '3 PENGUIN AVE LENASIA', '1827', '(048)-(608)-(3750)', '(022)-(873)-(7626)', '(099)-(417)-(7121)', 'ItumMakape@privatemail.co.za', '2'),
('4804180882084', 'Emmanuel', 'Mhlarhi', '13188 PHOMOLONG ZASTRON', '9950', '(033)-(953)-(6591)', '(035)-(121)-(2717)', '', 'EmmMh@mailweb.org', '2'),
('4905080506087', 'Wilna', 'Lukasu', '419 JEFF''S PLACE 133 FRANCIS BAARD STREET CENTRAL', '0002', '(056)-(945)-(7708)', '(088)-(583)-(9678)', '(075)-(931)-(0307)', '', '2'),
('491010022086', 'Kivan', 'Dambuza', '3088 AUGUSTA FFLAT 8831 LIEVAART STREET PRETORIA WEST', '0183', '(066)-(940)-(2054)', '(015)-(865)-(4063)', '(020)-(605)-(0603)', 'Damb@mailweb.org', '2'),
('4910190324088', 'Mduduzi ', 'Masungwini', 'NATIONAL BANK HOUSE 1ND FLLOR 40 SIMMONDS STREET JOHANNESBURG', '2001', '(088)-(900)-(2930)', '(093)-(850)-(9212)', '(069)-(330)-(0239)', 'MdudM@myweb.co.za', '1'),
('5001070584088', 'Linda', 'Brook', '1388 FLOWERS STR CAPITAL PARK', '0084', '(025)-(119)-(3729)', '(035)-(668)-(7713)', '(019)-(913)-(8638)', 'LindaBrook@mailman.co.za', '2'),
('5001110128088', 'Rene', 'Gumbi', '31388 LUTESIUM STREET CLAYVILLE EXT188 OLIFANTSFONTEIN', '1666', '(053)-(271)-(5660)', '(051)-(228)-(7636)', '(036)-(516)-(6153)', 'Gu@themail.com', '2'),
('5002080660085', 'Tlou ', 'Mabotja', '1 DARTMOOR CL TABLE VIEW', '7441', '(047)-(389)-(5659)', '(082)-(606)-(7726)', '(013)-(473)-(6015)', 'TloM@mememail.org.za''', '2'),
('5002180199088', 'Tshepiso ', 'Ekanayake', 'P O BOX 830 SIYABUSWA', '0472', '(041)-(876)-(6597)', '(036)-(156)-(9914)', '(017)-(557)-(5732)', '', '2'),
('5008230824086', 'Daisy ', 'Machabaphala', 'P O BOX 114 HERMANUS', '7200', '', '(044)-(955)-(0975)', '(098)-(641)-(6338)', 'DaisyM@mailweb.org', '4'),
('5009140926088', 'Olga', 'Lehola', '38803 EXT1 LEHAE', '1829', '(092)-(748)-(6426)', '(048)-(258)-(9701)', '(086)-(992)-(2147)', 'Lehola@themail.com', '2'),
('510523033088', 'Fezile', 'Nkabinde', '31 BOPHELO ROAD HWS BUILDING NORTH PRETORIA', '0002', '(028)-(662)-(6165)', '(017)-(982)-(2477)', '', '', '1'),
('5109080251088', 'Jaco ', 'Matji', '11 SPELTER TERRACE WEST PARK', '0183', '(040)-(363)-(7084)', '(081)-(729)-(9235)', '(055)-(897)-(2553)', 'Jaco Matj@themail.com', '4'),
('511127046082', 'Edwin', 'Dlamini', 'P O BOX 8840 PRETORIA', '0001', '(081)-(575)-(2418)', '(041)-(381)-(4846)', '', 'EdDlam@mememail.org.za''', '2'),
('5206110625085', 'Mduduzi', 'Mangena', '1 ANTONIE BOTES STREET, 8888 MONTANA TUINE, MONTANA GARDENS, MONTANA,0181 MONTANA', '0182', '(060)-(112)-(2791)', '(040)-(808)-(8039)', '(011)-(887)-(0096)', 'MMang@yeboyes.co.za', '2'),
('5210250933083', 'Mmadineo ', 'Cobokana', '188 KRUIS STREET 1 GEORGIAN PALMS BRACKENFELL SOUTH', '7560', '(088)-(459)-(8346)', '(082)-(143)-(0243)', '(010)-(926)-(7003)', 'MmCob@mailman.co.za', '2'),
('5505090581082', 'Moyahabo ', 'Maboko', 'NO 19A HUDSON AVENUE VINCENT', '5247', '(027)-(341)-(6603)', '(063)-(370)-(1534)', '(031)-(333)-(7862)', 'MoMabok@myweb.co.za', '2'),
('5512080417086', 'Shelden', 'Ledwaba', '8888 SAUER STREET JRA BUILDING JOHANNESBURG', '2001', '(043)-(898)-(4456)', '(064)-(390)-(9351)', '(051)-(724)-(8675)', 'ShelL@privatemail.co.za', '2'),
('5512160318087', 'Glen ', 'Mavimbela', '40 QUATAR CRESCENT COSMO CITY EXT 10', '2188', '(016)-(646)-(7619)', '(091)-(537)-(1151)', '(019)-(884)-(2716)', '', '2'),
('5602060518087', 'Tshepo ', 'Julies', '111 FRANGIPANI STREET AZAADVILLE GARDENS RANDFONTEIN', '1759', '(030)-(999)-(6368)', '(072)-(577)-(8957)', '(084)-(569)-(2643)', 'TshJulies@yeboyes.co.za', '2'),
('5608010370088', 'Emil', 'Snyman', '10 ARISTEA CRESCENT GORDONS BAY MOUNTAIN SIDE', '7140', '(015)-(632)-(5114)', '', '', '', '1'),
('5703210321082', 'Patrick', 'Faleni', '9 TRINITY GARDENS 1889 EFFINGHAM ROAD EFFINGHAM HEIGHTS', '4051', '(028)-(137)-(1874)', '(054)-(350)-(2005)', '(090)-(705)-(8636)', 'PFal@mememail.org.za''', '2'),
('5711110485087', 'Vusi ', 'Bethlehem', '303 JANFE SUNNYSIDE', '0002', '(047)-(601)-(8014)', '(027)-(911)-(9283)', '(094)-(887)-(0945)', 'VuBeth@mailweb.org', '2'),
('580512061088', 'Bernhardt ', 'Magutshwa', 'P O BOX 813 MASHASHANE', '0743', '(078)-(471)-(8574)', '', '(056)-(458)-(1618)', 'BernhMa@yeboyes.co.za', '2'),
('6111040850088', 'Phaphama', 'Duminy', '88 ORMSKIRK HALL 19 OXFORD ROAD WINDERMERE', '4001', '(094)-(643)-(8114)', '(060)-(183)-(7274)', '(059)-(753)-(9862)', '', '2'),
('6111260929085', 'Nomalizo ', 'Malemone', '31 ALGIEBA, EASTERN LANE LUBBE ROUGE STREET WILGEHEUWEL EXT 88', '1724', '(082)-(283)-(4778)', '(040)-(228)-(7280)', '(040)-(924)-(6759)', 'NoMal@themail.com', '2'),
('6201140807084', 'Nicholas', 'Mdaka', '43 NAPA VALLEY, 110 PUTTICK AVE SUNDOWNER', '2188', '(085)-(468)-(8449)', '(071)-(388)-(2254)', '(058)-(834)-(5145)', '', '2'),
('6204260308088', 'Nomvula ', 'Mahlangu', 'P O BOX 11484 HATFIELD', '0028', '(021)-(917)-(1095)', '(044)-(198)-(0320)', '(062)-(115)-(8096)', 'NomMahla@mememail.org.za''', '1'),
('6207220448088', 'Ramadimetja ', 'Metene', '409 STAND, BLOCK L SOSHANGUVE', '0152', '(077)-(265)-(3122)', '(085)-(525)-(9252)', '(084)-(765)-(4873)', '', '4'),
('6209040562083', 'Neil', 'Makgatho', '88 WALE STREET CAPE TOWN', '8001', '(025)-(747)-(4580)', '(026)-(665)-(0004)', '(089)-(390)-(2427)', 'NMakgat@mememail.org.za''', '2'),
('6308240548084', 'Mduduzi ', 'Buys', '01 PLEIN ST 1101 ANCHOR TOWER JOHANNESBURG', '2001', '(067)-(592)-(4440)', '(098)-(839)-(0382)', '(097)-(837)-(1515)', 'MdB@yeboyes.co.za', '1'),
('6310200940086', 'Dalisu ', 'Koeries', 'P O BOX 1343 GARSFONTEIN', '0042', '', '(069)-(425)-(6788)', '(096)-(395)-(2893)', '', '2'),
('6404210377085', 'Nkhetheni ', 'Cele', '11 NAMIB MARITZ CLOSE HONEYDEW RIDGE', '2170', '(070)-(126)-(5023)', '(018)-(287)-(2369)', '(013)-(266)-(4876)', '', '1'),
('640428082086', 'Shane ', 'Matshazini', '43 SIMONSIG CRESCENT KLEIN GROENENDAL DE BRON', '7530', '(011)-(405)-(4850)', '(029)-(114)-(2426)', '(087)-(364)-(9226)', '', '2'),
('650402056081', 'Ruduwhan ', 'Khuluse', '149 MATLHONYANE VILLAGE MAHIKENG', '2745', '(091)-(620)-(1011)', '(013)-(327)-(1182)', '(071)-(816)-(8080)', 'RudKhu@yeboyes.co.za', '1'),
('6507050556081', 'Kgabo ', 'Mahlagaume', '13 PINEWOOD CRESCENT LANGEBERG RIDGE', '7550', '(026)-(311)-(3299)', '(013)-(497)-(3392)', '(015)-(560)-(3235)', 'Mahl@mailweb.org', '4'),
('6507070463082', 'Celeste ', 'Masilo', '108888 ARCADIA STREET HATFIELD', '0083', '', '(081)-(892)-(4571)', '(033)-(753)-(7002)', 'Masi@myweb.co.za', '2'),
('6507120107086', 'Tshepang ', 'Lourens', '1191 KRANSBERG STREET KIRKNEY EXT 44', '0183', '(089)-(675)-(2717)', '(060)-(182)-(6479)', '(046)-(614)-(8110)', 'TLour@mailweb.org', '4'),
('6603100144082', 'Otsile', 'Kubheka', '13TH ROAD SAN RIDGE HEIGHTS, BLOCK 11 UNIT 133 NOORDWYK', '1687', '(058)-(930)-(8608)', '(054)-(212)-(1633)', '(046)-(245)-(6766)', '', '2'),
('6605260331087', 'Culnescia', 'Makhubela', '13 ZEBRA STREET FAUNA PARK POLOKWANE', '0699', '', '(085)-(104)-(8112)', '(027)-(200)-(3441)', 'CulneMakhu@themail.com', '2'),
('660620054086', 'Cliff', 'Kunene', '13134 MAMELODI EAST RAKGWALE STREET RETHABILE', '0122', '', '(039)-(970)-(7777)', '(036)-(753)-(3557)', 'CKune@themail.com', '2'),
('6609200993085', 'Victor ', 'Le Clus', '181 HLALAKAHLE STREET MORETELE VIEW', '0122', '(020)-(648)-(1963)', '(063)-(880)-(9800)', '(015)-(271)-(1015)', 'VictLe @mememail.org.za''', '2'),
('670305077081', 'Shephard ', 'Kitinya', 'P O BOX 14883 RUIMSIG', '1732', '(019)-(143)-(0520)', '(056)-(896)-(8974)', '(099)-(400)-(1295)', '', '2'),
('6705050635085', 'Dalisu ', 'Lehloka', '11 GRASVOEL LEFDE EN VREDE MULBARTON', '2190', '', '(072)-(349)-(6273)', '(097)-(555)-(1952)', '', '2'),
('6705220156081', 'Mahlatse ', 'Busuku', 'P O BOX 84988 HALFWAY HOUSE', '1685', '(018)-(860)-(1358)', '(035)-(359)-(9266)', '(099)-(125)-(2515)', 'MahBu@yeboyes.co.za', '2'),
('6706090775083', 'Jaco', 'Koopman', 'UNIT 13 SUNSET VALE SWARTGOUD STREET WINCHESTER HILLS', '2091', '(040)-(564)-(4216)', '(024)-(938)-(5046)', '(079)-(378)-(1537)', 'JacKoo@mailman.co.za', '2'),
('6802050633083', 'Precious ', 'Hucklesby', '8 SHORT PLACE 3 PETSHELL PINETOWN', '3610', '(037)-(411)-(4583)', '(077)-(878)-(7586)', '(045)-(384)-(3085)', 'PrecHuck@yeboyes.co.za', '2'),
('681014062082', 'Louis ', 'Kearley', '11 PENDORING ROAD KLIPPOORTJIE', '1459', '(067)-(873)-(1274)', '(037)-(752)-(2601)', '(030)-(239)-(6437)', '', '3'),
('6810160795088', 'Precious ', 'Bodenstein', '13 JOHN BAILIE ROAD BUNKERS HILL', '5241', '(067)-(526)-(9343)', '(051)-(139)-(3804)', '(067)-(650)-(6172)', 'PB@themail.com', '3'),
('6907130694085', 'Hendrik ', 'Enyanga', 'P O BOX 11988 CULLINAN', '1000', '(084)-(491)-(8832)', '(058)-(339)-(9257)', '(029)-(481)-(6737)', '', '2'),
('6909200583086', 'Itumeleng ', 'Harri', '18889 JOHNMASEFIELD MONDEOR', '2091', '(090)-(318)-(7347)', '(077)-(269)-(1138)', '(050)-(764)-(0637)', '', '2'),
('7002130927081', 'Christopher ', 'Matlhaba', '8830 A SCHRADER ROAD MEADOWLANDS', '1852', '', '(087)-(806)-(6143)', '(030)-(797)-(7683)', '', '3'),
('7106160389084', 'Cedric ', 'Mason', '8 SASKIA 1114 KARRIBOOM STREET MOREGLOED', '0186', '', '(019)-(309)-(1474)', '(068)-(578)-(3882)', 'M@mailman.co.za', '2'),
('7202270202087', 'Katlego', 'Gondo', 'IVORY PARK 11431 MIDRAND', '1682', '(041)-(167)-(5489)', '(058)-(277)-(7598)', '(045)-(487)-(2696)', 'KatG@yeboyes.co.za', '2'),
('7203030169082', 'Yaseen', 'Mabena', 'BROADWAY HEIGHTS (FLAT 3) 48 OPPERMAN STREET KLIPFONTEIN', '1034', '(064)-(905)-(6712)', '(038)-(490)-(0865)', '(048)-(378)-(6073)', 'YaseMa@mailweb.org', '2'),
('7205120917082', 'Richard ', 'Banga', 'UNIT 188 COUNTRY LIFE PARK 39 WITNEY STREET BRYANSTON', '2191', '(071)-(497)-(1338)', '(078)-(167)-(3492)', '(033)-(900)-(5511)', 'B@mememail.org.za''', '2'),
('7212170290085', 'Daniel ', 'Buissinne', '40 EDGECLIFF DRIVE KLOOF', '3610', '', '(063)-(565)-(0385)', '(042)-(860)-(9046)', 'DaniB@myweb.co.za', '5'),
('7306050161086', 'Kishan', 'Masala', '1 PRELLER STREET PRETORIA', '0002', '(038)-(200)-(0327)', '(013)-(149)-(3803)', '(098)-(716)-(3189)', 'KiM@mememail.org.za''', '2'),
('730823030086', 'Ngwagu ', 'Horwell', 'P O BOX 188565 HALFWAY HOUSE', '1685', '(013)-(149)-(9853)', '(085)-(637)-(0929)', '(080)-(598)-(9701)', 'NgHo@themail.com', '4'),
('7410130630081', 'Marc ', 'Maseng', '418888 RED SETTER CRESENT LEOPARD''S REST ESTATES ALBERTSDAL EXT 30', '1448', '(074)-(268)-(8805)', '(036)-(772)-(8261)', '(042)-(857)-(2238)', '', '2'),
('7503060788083', 'Nasreen', 'Mbatha', '188 ECHIUM STREET PARKLANDS NORTH', '7441', '(023)-(168)-(9987)', '(037)-(844)-(0506)', '(018)-(776)-(7405)', 'NasrMbat@mailweb.org', '2'),
('7609090369085', 'Warren ', 'Harri', 'P O BOX 188811 YEOVILLE', '2143', '(088)-(143)-(8865)', '(030)-(926)-(9697)', '(055)-(520)-(4285)', 'WarrHarri@themail.com', '2'),
('7609110201086', 'Magda', 'Dlamini', '10 SHABUNGU STREET MAMELODI WEST', '0122', '(015)-(698)-(1506)', '(038)-(807)-(8639)', '(050)-(502)-(2257)', '', '2'),
('7609240686081', 'Morifi ', 'Malungani', '88888 SEKETE AVE SPRUITVIEW', '1431', '(063)-(403)-(2181)', '(089)-(254)-(7064)', '(025)-(141)-(2772)', 'MoMalung@privatemail.co.za', '2'),
('7705180627087', 'Alex ', 'Genge', 'P O BOX 11 OFCOLACO', '0854', '(099)-(979)-(8403)', '', '(079)-(295)-(7384)', 'Alex G@privatemail.co.za', '2'),
('7801120638083', 'Kishan', 'Loliwe', 'P O BOX 1031 NORTHWOLD', '2155', '(021)-(888)-(3611)', '(072)-(785)-(0060)', '(091)-(512)-(2395)', 'KLoliw@mailman.co.za', '2'),
('7804190632078', 'Sylvester', 'Malepeng', 'Winnie 8976', '1809', '012545643', '0110609490', '0127586946', 'laps@mail.com', '2'),
('7808140304084', 'Mothupi ', 'Hlongwane', '100884 TRIGONELLA STREET THE ORCHARD EXT 89 PRETORIA NORTH', '0182', '(096)-(469)-(2849)', '(034)-(351)-(2068)', '(016)-(626)-(6881)', 'MoHl@privatemail.co.za', '1'),
('7902150410084', 'Frans ', 'Sebate', 'UNIT 1, ONE ON LONG 1 LONG STREET MOWBRAY, CAPE TOWN MOWBRAY', '7700', '(012)-(377)-(3292)', '(041)-(193)-(6531)', '', '', '3'),
('7912110951087', 'Abdul ', 'Makuyi', '9 ALEXANDRIA ROAD BRENTWOOD PARK EXT 1', '1501', '(093)-(136)-(6705)', '', '(015)-(592)-(9152)', 'AbMakuy@yeboyes.co.za', '1'),
('8004280354084', 'Matome ', 'Maharaj', '11 CATALENTI DRIVE RANDBURG', '2194', '(028)-(471)-(3000)', '(031)-(344)-(0928)', '(029)-(396)-(1013)', 'Maha@myweb.co.za', '2'),
('8008280468086', 'Sylvester ', 'Bhana', '11 FROST AVENUE AUCKLAND PARK', '2092', '(023)-(581)-(6674)', '(057)-(923)-(3664)', '(026)-(755)-(5182)', 'SyB@mememail.org.za''', '2'),
('8012160653084', 'Lucas', 'De Witt', 'IBIS STR 488 DURBANVILLE', '7550', '(098)-(560)-(9590)', '(062)-(911)-(0638)', '(043)-(869)-(2838)', 'LucasD@mememail.org.za''', '2'),
('8103140774084', 'Wendy ', 'Govender', '884888 KONOFELE STREET PHASE 1 BRAAMFISCHER', '1875', '(099)-(842)-(7664)', '(021)-(427)-(1477)', '(059)-(648)-(7824)', '', '2'),
('8105100593086', 'Sean', 'Lutrin', '113 VAN DER STEL STREET KABEGA PARK', '6025', '(036)-(820)-(5625)', '(077)-(498)-(0110)', '(078)-(602)-(0683)', '', '2'),
('82032206087', 'Wouter', 'Burger', '11883 SECTION D MAMELODI WEST', '0122', '(085)-(927)-(1284)', '(087)-(284)-(9774)', '(062)-(400)-(2276)', 'WoBurge@myweb.co.za', '2'),
('8209140103086', 'Jan ', 'Lesolisa', 'P O BOX 88880888 HIGHVELD PARK', '0067', '(046)-(368)-(6698)', '(065)-(497)-(3627)', '(034)-(681)-(8982)', 'JanL@privatemail.co.za', '2'),
('8209260885087', 'Senyelo ', 'Koopman', '3 OVAL PLACE DAWNCLIFFE', '3629', '(080)-(949)-(5827)', '(078)-(208)-(7323)', '(057)-(235)-(6325)', 'SenyKoop@mailweb.org', '2'),
('8210240595083', 'Adrienne', 'Dambuza', 'UNIT 4 14 FOURTH STREET ALBERTON NORTH', '1449', '(066)-(408)-(9003)', '', '(089)-(724)-(4226)', 'AdDambuz@privatemail.co.za', '2'),
('8301170304085', 'Adrienne', 'Grobler', '13U BOY LOUW STREET DANVILLE EXT 3', '0183', '(088)-(787)-(8494)', '', '(081)-(967)-(3959)', 'AGrobl@mailman.co.za', '2'),
('8306110412083', 'Saegan', 'Louw', '1001 OKAPI STREET PENNYVILLE', '1804', '(014)-(268)-(6402)', '(076)-(359)-(4675)', '(012)-(489)-(5787)', 'SaegLouw@mailman.co.za', '2'),
('8406270311082', 'Lunghile ', 'Malatji', '4083 MMOTLA', '0407', '(022)-(953)-(2921)', '(086)-(953)-(7201)', '(068)-(507)-(8208)', 'LunMalatj@privatemail.co.za', '2'),
('8409280542088', 'Leesha', 'Madisha', '10 MOUNTAIN VIEW TERRACES PARKLANDS', '7441', '(099)-(817)-(9127)', '(051)-(980)-(3553)', '(058)-(120)-(3164)', 'Ma@privatemail.co.za', '2'),
('8508170901082', 'Ntotole ', 'Mbung', '830 TIPPERARY STREET FAERIE GLEN EXT 49', '0081', '(037)-(309)-(8439)', '(059)-(431)-(0292)', '(038)-(650)-(8375)', 'NMbung@themail.com', '2'),
('851123068082', 'Mongezi', 'Makhale', '401 KING RANSOM BUILDING JOHANNESBURG', '2001', '(073)-(645)-(3807)', '(089)-(557)-(0499)', '(014)-(920)-(3508)', '', '2'),
('8511250864088', 'Mxoleleni ', 'Burrows', 'P O BOX 13081 NELSPRUIT', '1200', '(074)-(541)-(5335)', '(097)-(244)-(9876)', '(077)-(684)-(3321)', '', '2'),
('8610120779086', 'Promise ', 'Mdluli', '18 ESSEX TERRACE WESTVILLE BLUE HEIGHTS', '3629', '(041)-(990)-(0895)', '(056)-(978)-(3356)', '(014)-(332)-(9294)', 'PrMdlul@mememail.org.za''', '1'),
('8807180866088', 'Mabokale ', 'Lephalala', '1488888 EXTENTION 88 SOSHANGUVE', '0152', '(032)-(122)-(6306)', '(039)-(763)-(5593)', '(094)-(341)-(3768)', 'MabokLep@themail.com', '2'),
('8906230122083', 'Tiishetjo', 'Makuwa', 'B114 PHAPHAMA AVENUE NEWTOWN SECTION B', '4309', '(020)-(428)-(1672)', '(090)-(253)-(4879)', '(053)-(535)-(9161)', 'TiisMa@yeboyes.co.za', '1'),
('8907280730087', 'Moeketsi ', 'Chauke', 'P O BOX 13388 HONEY DEW', '2040', '(039)-(823)-(4035)', '(043)-(924)-(9730)', '(027)-(345)-(4048)', 'MoekeCha@mailweb.org', '2'),
('9003280235085', 'Alex ', 'Mkhonto', '10 AUGUST STREET UNIT 30 BUSH WILLOW MOOIKLOOF RIDGE', '0081', '(097)-(965)-(1602)', '', '(029)-(270)-(8897)', 'AlMkhont@mememail.org.za''', '2'),
('9109270875081', 'Mavis', 'Khumalo', '88 BREDA PARK 188 BREDA STREET ORANJEZICHT', '8001', '(040)-(156)-(9201)', '(077)-(873)-(7623)', '(054)-(881)-(0606)', '', '1'),
('9110230494081', 'Nonjabulo', 'Horwell', '188388 LEGODI STREET VOSLOORUS', '1475', '(068)-(334)-(6801)', '(031)-(273)-(2013)', '(081)-(360)-(2706)', 'NHor@mailman.co.za', '2'),
('9202050898085', 'Quentin', 'Lesolisa', '3565888 THOBELA CRESCENT MAMELODI EAST', '0122', '(046)-(760)-(0774)', '(026)-(862)-(6096)', '(058)-(898)-(7227)', '', '2'),
('9210110388086', 'Itumeleng ', 'Maphoto', 'P O BOX 8888 GROOTBRAKRIVIER', '6525', '(054)-(223)-(8867)', '(020)-(761)-(3234)', '(099)-(788)-(3703)', 'IMaphot@yeboyes.co.za', '2'),
('9304280349087', 'Mmasaka ', 'Mkhonza', 'P O BOX 10310 VORNA VALLEY', '1686', '(061)-(236)-(9351)', '(091)-(988)-(7525)', '(044)-(268)-(8826)', '', '1'),
('9307040620082', 'Reinhard', 'Mabowa', '1031/1 BLOCK GG SOSHANGUVE', '0152', '(038)-(340)-(0978)', '(013)-(283)-(8123)', '(024)-(589)-(5525)', '', '2'),
('9403280679088', 'Daniel ', 'Khoza', '9019 PHASE 4 SUN VALLEY', '0190', '(058)-(187)-(2165)', '(056)-(753)-(1230)', '(091)-(845)-(3880)', '', '1'),
('9405050739085', 'Hendrik ', 'Makama', '1088 KINGS CLOSE 8 KINGSBURY PARK ROAD RONDEBOSCH', '7700', '(093)-(571)-(7843)', '(031)-(205)-(5814)', '(046)-(268)-(9024)', 'Maka@yeboyes.co.za', '1'),
('9412180136082', 'Daniel ', 'Kholophe', 'FLAT NUMBER 8 ALTONA COURT ROSMEAD AV KENILWORTH', '7708', '(032)-(577)-(2930)', '(079)-(365)-(1248)', '(037)-(517)-(8140)', 'DK@themail.com', '1'),
('9502240191083', 'Surendran', 'Mkhatswa', '44 BROCKCLAY PLACE PHOENIX', '4068', '(030)-(568)-(2595)', '(042)-(832)-(7961)', '(023)-(789)-(4089)', 'SurMkha@mememail.org.za''', '2'),
('950310057086', 'Njabulo ', 'Bouwer', '56541 MTSISELWA STREET KWAZAKHELE', '6205', '(021)-(629)-(1008)', '(010)-(844)-(7197)', '(078)-(213)-(5281)', '', '1'),
('9504060158084', 'Cecil ', 'Koopman', '13 MKHONTO STREET ZWIDE', '6201', '(020)-(848)-(4437)', '(022)-(512)-(6633)', '(096)-(555)-(1765)', 'CeK@myweb.co.za', '2'),
('9606270939081', 'Ntombekaya', 'Lubbe', '1665388 EXT 8 SOSHANGUVE', '0152', '(047)-(140)-(2743)', '(019)-(588)-(3416)', '(011)-(325)-(5291)', '', '2'),
('9608280617083', 'Mamahooe ', 'Gumbi', 'P O BOX 818188 SOUTHDALE', '2135', '(026)-(231)-(1537)', '(045)-(484)-(8031)', '(095)-(373)-(1093)', 'MamaG@mailman.co.za', '2'),
('9611120247088', 'Bernhardt ', 'Japudi', '183- 8TH ROAD NOODWYK NOORDWYK EXT 1', '1687', '(082)-(871)-(2600)', '', '(054)-(528)-(2516)', 'BernJapud@privatemail.co.za', '2'),
('9611150348082', 'Vuyokazi ', 'Eckstein', 'P O BOX 1391 IFAFI', '0260', '(014)-(696)-(2799)', '(032)-(757)-(6380)', '(053)-(145)-(7835)', '', '2'),
('9701100285087', 'Moses', 'Maarman', '188388 INQE STREET PROTEA NORTH', '1818', '(010)-(809)-(4317)', '(065)-(470)-(4175)', '(021)-(931)-(1663)', 'MoseMaa@mememail.org.za''', '2'),
('9706130545082', 'Josaya ', 'Chauke', '1 MELROSE PLACE DURBAN NORTH', '4051', '(024)-(396)-(9177)', '(015)-(456)-(6491)', '(048)-(560)-(9024)', 'Cha@themail.com', '1'),
('9901030534081', 'Thabelo ', 'Mabota', '403883 BEDMAN MGWALELA AVENUE MAMELODI EAST EXT 18', '0122', '(097)-(574)-(6587)', '(099)-(549)-(5714)', '(024)-(765)-(4674)', 'ThabMabo@mailman.co.za', '2'),
('9902110250084', 'Nkhetheni ', 'Maluleke', '8800 BUSHWILLOW ALVEDA EX1 KIBLER PARK', '2091', '(058)-(917)-(9313)', '(089)-(913)-(4939)', '(034)-(415)-(6398)', 'NkheMalule@yeboyes.co.za', '2'),
('9910060946082', 'Christopher', 'Mitchel', '401 SEHUDI STREET ROSSLYN EXT13 NKWE ESTATE', '0182', '', '(013)-(862)-(7848)', '(027)-(728)-(0178)', 'ChMitche@yeboyes.co.za', '2');

-- --------------------------------------------------------

--
-- Table structure for table `tblinvinfo`
--

CREATE TABLE IF NOT EXISTS `tblinvinfo` (
  `Inv_Num` varchar(8) NOT NULL,
  `Client_id` varchar(15) NOT NULL,
  `Inv_Date` date NOT NULL,
  `Inv_Paid` varchar(3) NOT NULL,
  `Inv_Paid_date` date NOT NULL,
  `Comment` varchar(200) NOT NULL,
  PRIMARY KEY (`Inv_Num`),
  KEY `Client_id` (`Client_id`),
  KEY `Client_id_2` (`Client_id`),
  KEY `Client_id_3` (`Client_id`)
) ENGINE=InnoDB DEFAULT CHARSET=latin1;

--
-- Dumping data for table `tblinvinfo`
--

INSERT INTO `tblinvinfo` (`Inv_Num`, `Client_id`, `Inv_Date`, `Inv_Paid`, `Inv_Paid_date`, `Comment`) VALUES
('INV0004', '9304280349087', '2012-07-10', 'Y', '2012-07-19', ''),
('INV0005', '8210240595083', '2012-07-19', 'Y', '2012-07-19', ''),
('INV0006', '660620054086', '2012-08-01', 'Y', '2012-08-09', ''),
('INV0011', '8906230122083', '2013-01-06', 'Y', '2013-01-16', ''),
('INV0018', '7801120638083', '2013-01-28', 'Y', '2013-02-03', ''),
('INV0024', '9706130545082', '2013-03-02', 'Y', '2013-03-10', ''),
('INV0028', '7609240686081', '2013-03-10', 'Y', '2013-03-16', ''),
('INV0035', '7808140304084', '2013-04-10', 'Y', '2013-04-19', ''),
('INV0036', '6204260308088', '2013-04-11', 'Y', '2013-04-20', ''),
('INV0039', '9902110250084', '2013-05-03', 'Y', '2013-05-04', ''),
('INV0042', '9902110250084', '2013-05-20', 'Y', '2013-05-22', ''),
('INV0048', '6507120107086', '2013-06-25', 'Y', '2013-06-25', ''),
('INV0053', '730823030086', '2013-07-11', 'Y', '2013-07-15', ''),
('INV0056', '8511250864088', '2013-07-14', 'Y', '2013-07-20', ''),
('INV0060', '8511250864088', '2013-08-27', 'Y', '2013-09-06', ''),
('INV0061', '6609200993085', '2013-09-09', 'Y', '2013-09-13', ''),
('INV0074', '9110230494081', '2013-12-02', 'Y', '2013-12-11', ''),
('INV0076', '6705050635085', '2013-12-06', 'Y', '2013-12-11', ''),
('INV0080', '8406270311082', '2014-01-01', 'Y', '2014-01-10', ''),
('INV0081', '7609240686081', '2014-01-02', 'Y', '2014-01-09', ''),
('INV0088', '7306050161086', '2014-01-27', 'Y', '2014-02-06', ''),
('INV0094', '6802050633083', '2014-02-13', 'Y', '2014-02-19', ''),
('INV0099', '8301170304085', '2014-02-26', 'Y', '2014-03-06', ''),
('INV01000', '9403280679088', '2017-09-11', 'Y', '2017-09-17', ''),
('INV01002', '7705180627087', '2017-09-12', 'Y', '2017-09-14', ''),
('INV01006', '8610120779086', '2017-09-24', 'Y', '2017-09-25', ''),
('INV01011', '8906230122083', '2017-10-02', 'Y', '2017-10-03', ''),
('INV01016', '6909200583086', '2017-10-13', 'Y', '2017-10-15', ''),
('INV01023', '7410130630081', '2017-10-19', 'Y', '2017-10-28', ''),
('INV01032', '7808140304084', '2017-11-08', 'Y', '2017-11-13', ''),
('INV01035', '7410130630081', '2017-11-10', 'Y', '2017-11-20', ''),
('INV0104', '9202050898085', '2014-03-09', 'Y', '2014-03-17', ''),
('INV01047', '8907280730087', '2017-11-22', 'Y', '2017-12-02', ''),
('INV01052', '6507050556081', '2017-12-06', 'Y', '2017-12-06', ''),
('INV01059', '8508170901082', '2017-12-20', 'Y', '2017-12-28', ''),
('INV0106', '9606270939081', '2014-03-12', 'Y', '2014-03-18', ''),
('INV01060', '8012160653084', '2017-12-23', 'Y', '2017-12-27', ''),
('INV01069', '9910060946082', '2018-01-08', 'Y', '2018-01-13', ''),
('INV0107', '681014062082', '2014-03-13', 'Y', '2014-03-15', ''),
('INV01084', '9701100285087', '2018-01-27', 'Y', '2018-02-03', ''),
('INV01089', '9902110250084', '2018-02-01', 'Y', '2018-02-11', ''),
('INV01094', '9701100285087', '2018-02-03', 'Y', '2018-02-05', ''),
('INV01096', '9606270939081', '2018-02-03', 'Y', '2018-02-06', ''),
('INV0110', '8610120779086', '2014-03-18', 'Y', '2014-03-18', ''),
('INV01101', '6810160795088', '2018-02-06', 'Y', '2018-02-09', ''),
('INV01105', '9109270875081', '2018-02-08', 'Y', '2018-02-18', ''),
('INV01108', '9304280349087', '2018-02-13', 'Y', '2018-02-23', ''),
('INV0112', '9307040620082', '2014-03-21', 'Y', '2014-03-30', ''),
('INV01131', '8406270311082', '2018-03-07', 'Y', '2018-03-14', ''),
('INV01139', '9901030534081', '2018-03-13', 'Y', '2018-03-13', ''),
('INV01143', '8906230122083', '2018-03-19', 'Y', '2018-03-26', ''),
('INV01148', '7801120638083', '2018-03-23', 'Y', '2018-03-31', ''),
('INV01152', '6609200993085', '2018-03-25', 'Y', '2018-03-25', ''),
('INV01153', '6802050633083', '2018-03-25', 'Y', '2018-03-29', ''),
('INV01158', '6507050556081', '2018-04-01', 'Y', '2018-04-10', ''),
('INV01162', '9902110250084', '2018-04-06', 'Y', '2018-04-09', ''),
('INV01177', '950310057086', '2018-04-16', 'Y', '2018-04-22', ''),
('INV01179', '8209260885087', '2018-04-16', 'Y', '2018-04-20', ''),
('INV01195', '670305077081', '2018-04-28', 'Y', '2018-05-08', ''),
('INV01214', '8210240595083', '2018-05-18', 'Y', '2018-05-21', ''),
('INV01216', '950310057086', '2018-05-20', 'Y', '2018-05-23', ''),
('INV01226', '9502240191083', '2018-06-03', 'Y', '2018-06-12', ''),
('INV01229', '7609090369085', '2018-06-07', 'Y', '2018-06-09', ''),
('INV01239', '6907130694085', '2018-06-15', 'Y', '2018-06-19', ''),
('INV01257', '6204260308088', '2018-07-05', 'Y', '2018-07-12', ''),
('INV01259', '730823030086', '2018-07-06', 'Y', '2018-07-08', ''),
('INV01261', '851123068082', '2018-07-08', 'Y', '2018-07-11', ''),
('INV01264', '9611120247088', '2018-07-12', 'Y', '2018-07-22', ''),
('INV01271', '8210240595083', '2018-07-18', 'Y', '2018-07-21', ''),
('INV01275', '660620054086', '2018-07-20', 'Y', '2018-07-20', ''),
('INV01276', '6507070463082', '2018-07-20', 'Y', '2018-07-20', ''),
('INV01282', '7609110201086', '2018-08-03', 'Y', '2018-08-08', ''),
('INV01283', '7002130927081', '2018-08-06', 'Y', '2018-08-07', ''),
('INV01284', '82032206087', '2018-08-08', 'Y', '2018-08-11', ''),
('INV0129', '82032206087', '2014-05-05', 'Y', '2014-05-13', ''),
('INV01290', '6609200993085', '2018-08-12', 'Y', '2018-08-18', ''),
('INV01295', '9902110250084', '2018-08-16', 'Y', '2018-08-17', ''),
('INV01296', '9109270875081', '2018-08-16', 'Y', '2018-08-21', ''),
('INV0130', '9109270875081', '2014-05-05', 'Y', '2014-05-10', ''),
('INV01309', '7609240686081', '2018-08-25', 'Y', '2018-08-25', ''),
('INV01310', '6308240548084', '2018-08-26', 'Y', '2018-08-31', ''),
('INV01315', '8508170901082', '2018-09-02', 'Y', '2018-09-03', ''),
('INV01320', '8012160653084', '2018-09-05', 'Y', '2018-09-12', ''),
('INV01321', '6404210377085', '2018-09-05', 'Y', '2018-09-11', ''),
('INV01325', '8004280354084', '2018-09-09', 'Y', '2018-09-18', ''),
('INV01328', '8610120779086', '2018-09-10', 'Y', '2018-09-20', ''),
('INV01329', '8209260885087', '2018-09-12', 'Y', '2018-09-17', ''),
('INV01335', '6507120107086', '2018-09-15', 'Y', '2018-09-23', ''),
('INV01340', '8209260885087', '2018-09-24', 'Y', '2018-09-25', ''),
('INV01359', '82032206087', '2018-10-12', 'Y', '2018-10-19', ''),
('INV0136', '82032206087', '2014-05-21', 'Y', '2014-05-30', ''),
('INV01360', '9901030534081', '2018-10-13', 'Y', '2018-10-16', ''),
('INV01367', '8105100593086', '2018-10-18', 'Y', '2018-10-22', ''),
('INV01368', '9412180136082', '2018-10-18', 'Y', '2018-10-28', ''),
('INV01371', '7609090369085', '2018-10-23', 'Y', '2018-10-30', ''),
('INV01372', '8610120779086', '2018-10-24', 'Y', '2018-10-26', ''),
('INV01375', '9110230494081', '2018-10-26', 'Y', '2018-10-28', ''),
('INV01383', '8610120779086', '2018-11-03', 'Y', '2018-11-06', ''),
('INV01384', '7912110951087', '2018-11-03', 'Y', '2018-11-06', ''),
('INV01385', '6404210377085', '2018-11-04', 'Y', '2018-11-13', ''),
('INV01388', '8209260885087', '2018-11-06', 'Y', '2018-11-11', ''),
('INV0139', '9210110388086', '2014-05-26', 'Y', '2014-06-03', ''),
('INV01392', '6209040562083', '2018-11-09', 'Y', '2018-11-19', ''),
('INV0140', '9003280235085', '2014-05-26', 'Y', '2014-06-05', ''),
('INV01417', '9405050739085', '2018-11-24', 'Y', '2018-12-01', ''),
('INV01421', '670305077081', '2018-11-26', 'Y', '2018-11-28', ''),
('INV01422', '6705050635085', '2018-11-27', 'Y', '2018-11-30', ''),
('INV01428', '6603100144082', '2018-12-04', 'Y', '2018-12-10', ''),
('INV01429', '640428082086', '2018-12-06', 'Y', '2018-12-11', ''),
('INV01436', '6609200993085', '2018-12-09', 'Y', '2018-12-13', ''),
('INV01439', '9611120247088', '2018-12-13', 'Y', '2018-12-18', ''),
('INV0144', '9701100285087', '2014-06-06', 'Y', '2014-06-16', ''),
('INV01440', '7808140304084', '2018-12-17', 'Y', '2018-12-23', ''),
('INV01447', '9003280235085', '2018-12-24', 'Y', '2018-12-29', ''),
('INV01453', '8906230122083', '2018-12-27', 'Y', '2019-01-01', ''),
('INV01457', '6310200940086', '2019-01-03', 'Y', '2019-01-06', ''),
('INV01465', '8610120779086', '2019-02-03', 'Y', '2019-02-04', ''),
('INV01470', '8209260885087', '2019-02-15', 'Y', '2019-02-24', ''),
('INV01471', '6507070463082', '2019-02-16', 'Y', '2019-02-23', ''),
('INV01472', '8610120779086', '2019-02-21', 'Y', '2019-03-01', ''),
('INV01474', '681014062082', '2019-02-23', 'Y', '2019-03-05', ''),
('INV01475', '7306050161086', '2019-02-24', 'Y', '2019-03-05', ''),
('INV0148', '7202270202087', '2014-06-13', 'Y', '2014-06-13', ''),
('INV01480', '1704180177085', '2019-11-19', 'N', '0000-00-00', ''),
('INV01500', '9901030534081', '2019-05-15', 'Y', '2019-05-20', ''),
('INV01504', '8103140774084', '2019-05-24', 'Y', '2019-05-30', ''),
('INV01519', '9910060946082', '2019-07-05', 'Y', '2019-07-11', ''),
('INV01526', '6909200583086', '2019-07-21', 'Y', '2019-07-22', ''),
('INV01533', '6810160795088', '2019-08-05', 'Y', '2019-08-12', ''),
('INV01540', '8906230122083', '2019-08-28', 'Y', '2019-08-28', ''),
('INV01545', '8209140103086', '2019-09-12', 'Y', '2019-09-15', ''),
('INV01548', '9611120247088', '2019-09-13', 'N', '0000-00-00', ''),
('INV01550', '9910060946082', '2019-09-21', 'Y', '2019-09-30', ''),
('INV01551', '650402056081', '2019-09-24', 'Y', '2019-10-03', ''),
('INV01552', '7205120917082', '2019-09-27', 'Y', '2019-10-06', ''),
('INV01558', '8105100593086', '2019-10-24', 'Y', '2019-10-28', ''),
('INV01561', '7202270202087', '2019-11-01', 'Y', '2019-11-04', ''),
('INV01570', '9910060946082', '2019-11-25', 'Y', '2019-12-03', ''),
('INV01571', '6706090775083', '2019-11-26', 'Y', '2019-12-03', ''),
('INV01572', '6705050635085', '2019-12-03', 'Y', '2019-12-06', ''),
('INV01589', '7808140304084', '2020-02-05', 'Y', '2020-02-07', ''),
('INV0159', '7705180627087', '2014-07-10', 'Y', '2014-07-12', ''),
('INV0162', '6810160795088', '2014-07-11', 'Y', '2014-07-13', ''),
('INV0170', '8209140103086', '2014-08-15', 'Y', '2014-08-15', ''),
('INV0174', '7203030169082', '2014-08-20', 'Y', '2014-08-22', ''),
('INV0180', '7203030169082', '2014-09-15', 'Y', '2014-09-17', ''),
('INV0181', '650402056081', '2014-09-23', 'Y', '2014-09-28', ''),
('INV0183', '681014062082', '2014-09-26', 'Y', '2014-09-30', ''),
('INV0186', '9110230494081', '2014-10-08', 'Y', '2014-10-17', ''),
('INV0187', '6507120107086', '2014-10-14', 'Y', '2014-10-24', ''),
('INV0198', '9405050739085', '2014-11-24', 'Y', '2014-12-02', ''),
('INV0200', '8012160653084', '2014-11-26', 'Y', '2014-12-03', ''),
('INV0201', '9403280679088', '2014-11-26', 'Y', '2014-12-04', ''),
('INV0208', '8008280468086', '2014-12-15', 'Y', '2014-12-21', ''),
('INV0209', '8610120779086', '2014-12-19', 'Y', '2014-12-23', ''),
('INV0219', '9706130545082', '2015-01-05', 'Y', '2015-01-13', ''),
('INV0228', '6201140807084', '2015-01-14', 'Y', '2015-01-14', ''),
('INV0236', '82032206087', '2015-01-24', 'Y', '2015-01-24', ''),
('INV0241', '6204260308088', '2015-02-01', 'Y', '2015-02-08', ''),
('INV0242', '6507120107086', '2015-02-02', 'Y', '2015-02-12', ''),
('INV0246', '9210110388086', '2015-02-04', 'Y', '2015-02-07', ''),
('INV0259', '7705180627087', '2015-02-11', 'Y', '2015-02-17', ''),
('INV0263', '7203030169082', '2015-02-18', 'Y', '2015-02-19', ''),
('INV0266', '7212170290085', '2015-02-20', 'Y', '2015-02-26', ''),
('INV0270', '9210110388086', '2015-02-23', 'Y', '2015-02-26', ''),
('INV0274', '6404210377085', '2015-03-01', 'Y', '2015-03-10', ''),
('INV0289', '9003280235085', '2015-03-14', 'Y', '2015-03-17', ''),
('INV0294', '7801120638083', '2015-03-19', 'Y', '2015-03-29', ''),
('INV0297', '9405050739085', '2015-03-24', 'Y', '2015-04-03', ''),
('INV0306', '6310200940086', '2015-04-04', 'Y', '2015-04-11', ''),
('INV0313', '8209140103086', '2015-04-07', 'Y', '2015-04-07', ''),
('INV0314', '851123068082', '2015-04-07', 'Y', '2015-04-08', ''),
('INV0317', '8511250864088', '2015-04-08', 'Y', '2015-04-09', ''),
('INV0322', '6810160795088', '2015-04-10', 'Y', '2015-04-20', ''),
('INV0325', '9706130545082', '2015-04-13', 'Y', '2015-04-13', ''),
('INV0326', '8907280730087', '2015-04-14', 'Y', '2015-04-22', ''),
('INV0328', '8008280468086', '2015-04-15', 'Y', '2015-04-21', ''),
('INV0329', '6204260308088', '2015-04-16', 'Y', '2015-04-25', ''),
('INV0330', '9902110250084', '2015-04-17', 'Y', '2015-04-17', ''),
('INV0340', '6209040562083', '2015-04-28', 'Y', '2015-05-08', ''),
('INV0342', '7705180627087', '2015-05-06', 'Y', '2015-05-11', ''),
('INV0348', '8301170304085', '2015-05-08', 'Y', '2015-05-17', ''),
('INV0350', '670305077081', '2015-05-11', 'Y', '2015-05-15', ''),
('INV0356', '9901030534081', '2015-05-17', 'Y', '2015-05-19', ''),
('INV0357', '681014062082', '2015-05-17', 'Y', '2015-05-21', ''),
('INV0361', '8511250864088', '2015-05-20', 'Y', '2015-05-27', ''),
('INV0362', '851123068082', '2015-05-21', 'Y', '2015-05-24', ''),
('INV0371', '8209260885087', '2015-05-28', 'Y', '2015-06-06', ''),
('INV0378', '9412180136082', '2015-06-05', 'Y', '2015-06-10', ''),
('INV0383', '7503060788083', '2015-06-11', 'Y', '2015-06-12', ''),
('INV0384', '9706130545082', '2015-06-11', 'Y', '2015-06-17', ''),
('INV0385', '7205120917082', '2015-06-11', 'Y', '2015-06-17', ''),
('INV0395', '7609110201086', '2015-06-20', 'Y', '2015-06-29', ''),
('INV0402', '6907130694085', '2015-06-27', 'Y', '2015-07-07', ''),
('INV0403', '7801120638083', '2015-06-27', 'Y', '2015-07-03', ''),
('INV0415', '8409280542088', '2015-07-09', 'Y', '2015-07-16', ''),
('INV0416', '9403280679088', '2015-07-09', 'Y', '2015-07-15', ''),
('INV0425', '9110230494081', '2015-07-16', 'Y', '2015-07-23', ''),
('INV0440', '8301170304085', '2015-07-23', 'Y', '2015-07-25', ''),
('INV0449', '9109270875081', '2015-08-08', 'Y', '2015-08-10', ''),
('INV0451', '8807180866088', '2015-08-10', 'Y', '2015-08-18', ''),
('INV0453', '7106160389084', '2015-08-12', 'Y', '2015-08-14', ''),
('INV0454', '6507120107086', '2015-08-12', 'Y', '2015-08-19', ''),
('INV0461', '6706090775083', '2015-08-18', 'Y', '2015-08-22', ''),
('INV0466', '6605260331087', '2015-08-22', 'Y', '2015-09-01', ''),
('INV0470', '7808140304084', '2015-08-28', 'Y', '2015-09-02', ''),
('INV0493', '8306110412083', '2015-09-11', 'Y', '2015-09-19', ''),
('INV0498', '730823030086', '2015-09-12', 'Y', '2015-09-12', ''),
('INV0501', '7609110201086', '2015-09-14', 'Y', '2015-09-19', ''),
('INV0524', '6209040562083', '2015-10-02', 'Y', '2015-10-04', ''),
('INV0529', '6308240548084', '2015-10-08', 'Y', '2015-10-15', ''),
('INV0532', '8209140103086', '2015-10-10', 'Y', '2015-10-11', ''),
('INV0533', '8306110412083', '2015-10-10', 'Y', '2015-10-11', ''),
('INV0543', '6907130694085', '2015-10-17', 'Y', '2015-10-26', ''),
('INV0558', '8906230122083', '2015-11-03', 'Y', '2015-11-06', ''),
('INV0571', '6507050556081', '2015-11-17', 'Y', '2015-11-19', ''),
('INV0575', '8409280542088', '2015-11-20', 'Y', '2015-11-23', ''),
('INV0576', '9502240191083', '2015-11-21', 'Y', '2015-11-30', ''),
('INV0578', '8508170901082', '2015-11-21', 'Y', '2015-12-01', ''),
('INV0582', '7202270202087', '2015-11-23', 'Y', '2015-11-30', ''),
('INV0586', '9706130545082', '2015-12-02', 'Y', '2015-12-03', ''),
('INV0588', '7801120638083', '2015-12-07', 'Y', '2015-12-12', ''),
('INV0589', '8209260885087', '2015-12-07', 'Y', '2015-12-17', ''),
('INV0593', '7808140304084', '2015-12-09', 'Y', '2015-12-12', ''),
('INV0597', '6603100144082', '2015-12-11', 'Y', '2015-12-17', ''),
('INV0606', '7002130927081', '2015-12-20', 'Y', '2015-12-28', ''),
('INV0608', '7801120638083', '2015-12-21', 'Y', '2015-12-25', ''),
('INV0609', '9706130545082', '2015-12-21', 'Y', '2015-12-31', ''),
('INV0610', '7306050161086', '2015-12-21', 'Y', '2015-12-23', ''),
('INV0614', '9109270875081', '2015-12-26', 'Y', '2016-01-02', ''),
('INV0630', '6609200993085', '2016-01-14', 'Y', '2016-01-23', ''),
('INV0646', '8105100593086', '2016-02-13', 'Y', '2016-02-13', ''),
('INV0648', '7609110201086', '2016-02-14', 'Y', '2016-02-15', ''),
('INV0659', '6507070463082', '2016-03-03', 'Y', '2016-03-08', ''),
('INV0660', '8209140103086', '2016-03-06', 'Y', '2016-03-13', ''),
('INV0663', '8210240595083', '2016-03-15', 'Y', '2016-03-16', ''),
('INV0665', '8210240595083', '2016-03-17', 'Y', '2016-03-21', ''),
('INV0673', '6207220448088', '2016-03-25', 'Y', '2016-03-31', ''),
('INV0674', '8406270311082', '2016-03-26', 'Y', '2016-03-27', ''),
('INV0678', '9706130545082', '2016-04-05', 'Y', '2016-04-15', ''),
('INV0680', '9701100285087', '2016-04-06', 'Y', '2016-04-16', ''),
('INV0683', '8610120779086', '2016-04-13', 'Y', '2016-04-18', ''),
('INV0695', '8906230122083', '2016-05-06', 'Y', '2016-05-10', ''),
('INV0697', '7912110951087', '2016-05-08', 'Y', '2016-05-17', ''),
('INV0700', '681014062082', '2016-05-13', 'Y', '2016-05-14', ''),
('INV0705', '9706130545082', '2016-05-18', 'Y', '2016-05-20', ''),
('INV0707', '6802050633083', '2016-05-22', 'Y', '2016-05-26', ''),
('INV0708', '9901030534081', '2016-05-23', 'Y', '2016-05-24', ''),
('INV0710', '6310200940086', '2016-05-24', 'Y', '2016-06-01', ''),
('INV0716', '6507050556081', '2016-06-04', 'Y', '2016-06-08', ''),
('INV0733', '6609200993085', '2016-07-04', 'Y', '2016-07-08', ''),
('INV0743', '8210240595083', '2016-07-16', 'Y', '2016-07-20', ''),
('INV0751', '9910060946082', '2016-07-25', 'Y', '2016-07-26', ''),
('INV0772', '9608280617083', '2016-08-16', 'Y', '2016-08-21', ''),
('INV0780', '8301170304085', '2016-09-01', 'Y', '2016-09-03', ''),
('INV0792', '9901030534081', '2016-09-11', 'Y', '2016-09-11', ''),
('INV0795', '8610120779086', '2016-09-23', 'Y', '2016-09-28', ''),
('INV0798', '7306050161086', '2016-09-27', 'Y', '2016-10-05', ''),
('INV0801', '8301170304085', '2016-09-28', 'Y', '2016-10-08', ''),
('INV0814', '6907130694085', '2016-10-17', 'Y', '2016-10-22', ''),
('INV0821', '9412180136082', '2016-11-05', 'Y', '2016-11-08', ''),
('INV0824', '8105100593086', '2016-11-15', 'Y', '2016-11-24', ''),
('INV0828', '950310057086', '2016-11-22', 'Y', '2016-11-23', ''),
('INV0829', '7205120917082', '2016-11-23', 'Y', '2016-11-28', ''),
('INV0834', '9109270875081', '2016-11-28', 'Y', '2016-12-08', ''),
('INV0841', '9210110388086', '2016-12-13', 'Y', '2016-12-19', ''),
('INV0843', '7212170290085', '2016-12-16', 'Y', '2016-12-25', ''),
('INV0845', '7912110951087', '2016-12-21', 'Y', '2016-12-29', ''),
('INV0854', '82032206087', '2016-12-27', 'Y', '2016-12-28', ''),
('INV0865', '851123068082', '2017-01-14', 'Y', '2017-01-14', ''),
('INV0888', '9611120247088', '2017-03-04', 'Y', '2017-03-07', ''),
('INV0894', '640428082086', '2017-03-07', 'Y', '2017-03-16', ''),
('INV0895', '6909200583086', '2017-03-08', 'Y', '2017-03-14', ''),
('INV0897', '6204260308088', '2017-03-11', 'Y', '2017-03-20', ''),
('INV0906', '730823030086', '2017-03-26', 'Y', '2017-03-30', ''),
('INV0910', '640428082086', '2017-04-04', 'Y', '2017-04-13', ''),
('INV0912', '670305077081', '2017-04-12', 'Y', '2017-04-12', ''),
('INV0914', '8306110412083', '2017-04-16', 'Y', '2017-04-20', ''),
('INV0933', '6802050633083', '2017-05-18', 'Y', '2017-05-27', ''),
('INV0938', '6310200940086', '2017-05-23', 'Y', '2017-05-28', ''),
('INV0954', '8012160653084', '2017-06-16', 'Y', '2017-06-16', ''),
('INV0958', '650402056081', '2017-06-19', 'Y', '2017-06-25', ''),
('INV0960', '6404210377085', '2017-06-22', 'Y', '2017-06-30', ''),
('INV0964', '730823030086', '2017-07-02', 'Y', '2017-07-11', ''),
('INV0966', '6207220448088', '2017-07-03', 'Y', '2017-07-03', ''),
('INV0979', '8004280354084', '2017-08-04', 'Y', '2017-08-13', ''),
('INV0982', '6507050556081', '2017-08-09', 'Y', '2017-08-15', ''),
('INV0988', '7410130630081', '2017-08-20', 'Y', '2017-08-30', ''),
('INV0990', '7801120638083', '2017-08-24', 'Y', '2017-08-27', ''),
('INV0996', '9701100285087', '2017-09-04', 'Y', '2017-09-06', '');

-- --------------------------------------------------------

--
-- Table structure for table `tblinvitem`
--

CREATE TABLE IF NOT EXISTS `tblinvitem` (
  `Inv_Num` varchar(8) NOT NULL,
  `Supplement_id` varchar(20) NOT NULL,
  `Item_price` varchar(10) NOT NULL,
  `Item_Quantity` int(11) NOT NULL,
  PRIMARY KEY (`Inv_Num`,`Supplement_id`),
  KEY `Inv_Num` (`Inv_Num`),
  KEY `Inv_Supplement` (`Supplement_id`)
) ENGINE=InnoDB DEFAULT CHARSET=latin1;

--
-- Dumping data for table `tblinvitem`
--

INSERT INTO `tblinvitem` (`Inv_Num`, `Supplement_id`, `Item_price`, `Item_Quantity`) VALUES
('INV0004', 'Supplement-32', '65.00', 1),
('INV0005', 'Supplement-70', '135.00', 2),
('INV0006', 'Supplement-24', '110.00', 4),
('INV0011', 'Supplement-172', '100.42', 5),
('INV0018', 'Supplement-32', '93.58', 5),
('INV0024', 'Supplement-223', '266.24', 3),
('INV0028', 'Supplement-44', '110.50', 5),
('INV0035', 'Supplement-53', '123.28', 2),
('INV0036', 'Supplement-51', '76.55', 4),
('INV0039', 'Supplement-10', '114.56', 5),
('INV0039', 'Supplement-185', '138.56', 3),
('INV0039', 'Supplement-69', '123.22', 5),
('INV0042', 'Supplement-141', '110.68', 5),
('INV0048', 'Supplement-103', '504.56', 1),
('INV0048', 'Supplement-243', '118.04', 5),
('INV0053', 'Supplement-160', '142.60', 1),
('INV0053', 'Supplement-94', '175.48', 1),
('INV0056', 'Supplement-14', '195.01', 5),
('INV0060', 'Supplement-160', '142.60', 4),
('INV0061', 'Supplement-32', '93.58', 4),
('INV0074', 'Supplement-46', '147.16', 3),
('INV0076', 'Supplement-141', '110.68', 2),
('INV0080', 'Supplement-131', '202.84', 1),
('INV0081', 'Supplement-39', '208.72', 4),
('INV0088', 'Supplement-219', '201.00', 5),
('INV0094', 'Supplement-57', '146.46', 5),
('INV0099', 'Supplement-108', '230.20', 2),
('INV01000', 'Supplement-27', '251.16', 5),
('INV01002', 'Supplement-76', '297.64', 5),
('INV01006', 'Supplement-142', '141.10', 2),
('INV01011', 'Supplement-107', '280.54', 4),
('INV01016', 'Supplement-75', '236.08', 5),
('INV01023', 'Supplement-79', '216.70', 5),
('INV01032', 'Supplement-241', '233.44', 4),
('INV01035', 'Supplement-38', '235.46', 5),
('INV0104', 'Supplement-112', '2667.64', 2),
('INV01047', 'Supplement-223', '366.56', 4),
('INV01052', 'Supplement-166', '205.30', 4),
('INV01059', 'Supplement-47', '286.92', 4),
('INV0106', 'Supplement-202', '150.84', 2),
('INV01060', 'Supplement-46', '220.12', 1),
('INV01069', 'Supplement-83', '300.44', 2),
('INV0107', 'Supplement-123', '256.60', 3),
('INV01084', 'Supplement-114', '257.12', 1),
('INV01089', 'Supplement-103', '616.28', 4),
('INV01094', 'Supplement-104', '408.04', 1),
('INV01096', 'Supplement-232', '340.78', 5),
('INV0110', 'Supplement-211', '216.70', 4),
('INV01101', 'Supplement-236', '233.70', 2),
('INV01105', 'Supplement-188', '190.38', 4),
('INV01108', 'Supplement-156', '199.42', 3),
('INV0112', 'Supplement-183', '239.58', 4),
('INV01131', 'Supplement-89', '351.22', 2),
('INV01139', 'Supplement-119', '158.54', 2),
('INV01139', 'Supplement-236', '126.54', 2),
('INV01139', 'Supplement-29', '93.40', 1),
('INV01143', 'Supplement-100', '136.71', 1),
('INV01148', 'Supplement-127', '216.70', 2),
('INV01152', 'Supplement-77', '239.58', 3),
('INV01153', 'Supplement-36', '290.62', 4),
('INV01158', 'Supplement-67', '138.04', 4),
('INV01162', 'Supplement-227', '334.64', 4),
('INV01177', 'Supplement-35', '132.24', 1),
('INV01179', 'Supplement-199', '315.00', 3),
('INV01195', 'Supplement-11', '205.75', 1),
('INV01214', 'Supplement-49', '260.28', 4),
('INV01216', 'Supplement-192', '277.12', 1),
('INV01226', 'Supplement-99', '222.22', 3),
('INV01229', 'Supplement-162', '276.50', 5),
('INV01229', 'Supplement-236', '126.54', 2),
('INV01239', 'Supplement-96', '205.12', 1),
('INV01257', 'Supplement-112', '2745.16', 4),
('INV01259', 'Supplement-19', '156.28', 5),
('INV01261', 'Supplement-60', '264.58', 4),
('INV01264', 'Supplement-183', '314.82', 1),
('INV01271', 'Supplement-122', '289.92', 1),
('INV01275', 'Supplement-236', '126.54', 2),
('INV01275', 'Supplement-70', '245.20', 2),
('INV01276', 'Supplement-203', '413.04', 2),
('INV01282', 'Supplement-138', '325.52', 1),
('INV01283', 'Supplement-242', '306.14', 2),
('INV01284', 'Supplement-156', '199.42', 2),
('INV0129', 'Supplement-242', '221.78', 5),
('INV01290', 'Supplement-118', '207.58', 3),
('INV01290', 'Supplement-236', '126.54', 2),
('INV01295', 'Supplement-127', '216.70', 5),
('INV01296', 'Supplement-9', '357.00', 2),
('INV0130', 'Supplement-45', '83.32', 4),
('INV01309', 'Supplement-11', '205.75', 4),
('INV01310', 'Supplement-145', '251.86', 3),
('INV01315', 'Supplement-159', '278.26', 1),
('INV01320', 'Supplement-127', '216.70', 5),
('INV01321', 'Supplement-185', '226.34', 1),
('INV01325', 'Supplement-72', '268.96', 1),
('INV01328', 'Supplement-28', '320.70', 1),
('INV01329', 'Supplement-100', '136.71', 2),
('INV01335', 'Supplement-58', '257.12', 5),
('INV01340', 'Supplement-108', '311.14', 3),
('INV01359', 'Supplement-135', '208.98', 3),
('INV0136', 'Supplement-100', '61.47', 1),
('INV01360', 'Supplement-146', '270.28', 4),
('INV01367', 'Supplement-172', '223.54', 3),
('INV01368', 'Supplement-108', '311.14', 3),
('INV01368', 'Supplement-236', '126.54', 2),
('INV01371', 'Supplement-28', '320.70', 2),
('INV01372', 'Supplement-236', '126.54', 2),
('INV01372', 'Supplement-43', '218.80', 1),
('INV01375', 'Supplement-149', '279.40', 2),
('INV01383', 'Supplement-119', '234.92', 3),
('INV01384', 'Supplement-101', '281.50', 4),
('INV01385', 'Supplement-239', '322.72', 1),
('INV01388', 'Supplement-13', '151.80', 1),
('INV0139', 'Supplement-114', '186.44', 3),
('INV0139', 'Supplement-5', '201.88', 1),
('INV01392', 'Supplement-175', '332.98', 4),
('INV0140', 'Supplement-173', '288.52', 4),
('INV01417', 'Supplement-25', '329.56', 1),
('INV01421', 'Supplement-206', '338.50', 1),
('INV01422', 'Supplement-58', '257.12', 4),
('INV01428', 'Supplement-127', '216.70', 3),
('INV01429', 'Supplement-141', '253.18', 3),
('INV01436', 'Supplement-136', '263.44', 3),
('INV01439', 'Supplement-163', '197.32', 4),
('INV0144', 'Supplement-145', '218.80', 4),
('INV01440', 'Supplement-83', '300.44', 3),
('INV01447', 'Supplement-200', '291.06', 3),
('INV01453', 'Supplement-91', '277.20', 3),
('INV01457', 'Supplement-142', '178.72', 5),
('INV01465', 'Supplement-18', '214.42', 3),
('INV01470', 'Supplement-35', '159.60', 1),
('INV01471', 'Supplement-60', '270.28', 4),
('INV01472', 'Supplement-22', '225.82', 3),
('INV01474', 'Supplement-243', '195.56', 3),
('INV01475', 'Supplement-156', '229.06', 3),
('INV0148', 'Supplement-75', '174.52', 3),
('INV01500', 'Supplement-171', '455.48', 5),
('INV01504', 'Supplement-46', '238.36', 4),
('INV01519', 'Supplement-173', '362.62', 3),
('INV01526', 'Supplement-200', '305.88', 4),
('INV01533', 'Supplement-180', '229.06', 2),
('INV01533', 'Supplement-50', '366.53', 2),
('INV01533', 'Supplement-54', '297.16', 1),
('INV01540', 'Supplement-239', '337.54', 4),
('INV01545', 'Supplement-209', '245.20', 4),
('INV01548', 'Supplement-147', '300.32', 4),
('INV01548', 'Supplement-171', '455.48', 5),
('INV01548', 'Supplement-186', '301.06', 5),
('INV01548', 'Supplement-243', '195.56', 2),
('INV01548', 'Supplement-46', '238.36', 4),
('INV01550', 'Supplement-112', '2761.12', 3),
('INV01550', 'Supplement-140', '263.72', 1),
('INV01550', 'Supplement-174', '378.84', 3),
('INV01550', 'Supplement-34', '292.98', 3),
('INV01550', 'Supplement-46', '238.36', 4),
('INV01551', 'Supplement-118', '230.38', 5),
('INV01551', 'Supplement-52', '219.64', 3),
('INV01551', 'Supplement-71', '368.40', 4),
('INV01552', 'Supplement-13', '170.04', 2),
('INV01558', 'Supplement-62', '400.95', 4),
('INV01558', 'Supplement-90', '221.26', 5),
('INV01561', 'Supplement-138', '328.94', 4),
('INV01561', 'Supplement-219', '275.10', 1),
('INV01570', 'Supplement-81', '367.18', 3),
('INV01571', 'Supplement-179', '340.60', 2),
('INV01572', 'Supplement-212', '320.96', 2),
('INV01572', 'Supplement-240', '204.16', 5),
('INV01589', 'Supplement-179', '340.60', 5),
('INV0159', 'Supplement-109', '175.92', 1),
('INV0162', 'Supplement-157', '203.28', 5),
('INV0170', 'Supplement-19', '110.68', 5),
('INV0170', 'Supplement-40', '103.24', 1),
('INV0174', 'Supplement-139', '143.74', 1),
('INV0180', 'Supplement-123', '256.60', 3),
('INV0180', 'Supplement-224', '241.34', 4),
('INV0180', 'Supplement-89', '271.42', 5),
('INV0181', 'Supplement-153', '188.20', 5),
('INV0181', 'Supplement-164', '218.98', 1);

-- --------------------------------------------------------

--
-- Table structure for table `tblreference`
--

CREATE TABLE IF NOT EXISTS `tblreference` (
  `Reference_ID` varchar(20) NOT NULL,
  `Description` varchar(50) NOT NULL,
  PRIMARY KEY (`Reference_ID`)
) ENGINE=InnoDB DEFAULT CHARSET=latin1;

--
-- Dumping data for table `tblreference`
--

INSERT INTO `tblreference` (`Reference_ID`, `Description`) VALUES
('1', 'Website'),
('2', 'Word by mouth'),
('3', 'riend'),
('4', 'Facebook'),
('5', 'Myself'),
('6', 'Other');

-- --------------------------------------------------------

--
-- Table structure for table `tblsupplement`
--

CREATE TABLE IF NOT EXISTS `tblsupplement` (
  `Supplement_id` varchar(20) NOT NULL,
  `Supplier_ID` varchar(15) NOT NULL,
  `Supplement_Description` varchar(30) NOT NULL,
  `Cost_excl` varchar(10) NOT NULL,
  `Cost_incl` varchar(10) NOT NULL,
  `Min_levels` int(11) NOT NULL,
  `Current_stock_levels` int(11) NOT NULL,
  `Nappi_code` varchar(20) NOT NULL,
  PRIMARY KEY (`Supplement_id`),
  KEY `Supplier_ID` (`Supplier_ID`),
  KEY `Supplier_ID_2` (`Supplier_ID`)
) ENGINE=InnoDB DEFAULT CHARSET=latin1;

--
-- Dumping data for table `tblsupplement`
--

INSERT INTO `tblsupplement` (`Supplement_id`, `Supplier_ID`, `Supplement_Description`, `Cost_excl`, `Cost_incl`, `Min_levels`, `Current_stock_levels`, `Nappi_code`) VALUES
('Supplement-1', 'SUPPLIER A', 'Omega 3 Double Strength 60''s', 'R 313.00', 'R 356.82', 10, 28, ''),
('Supplement-10', 'SUPPLIER C', 'Anti-Anxiety tables 30''s', 'R 195.86', 'R 223.28', 4, 2, ''),
('Supplement-100', 'SUPPLIER G', 'Babies 60''s', 'R 127.92', 'R 145.83', 4, 25, ''),
('Supplement-101', 'SUPPLIER G', 'Curcumin 60s', 'R 237.00', 'R 270.18', 6, 10, ''),
('Supplement-102', 'SUPPLIER G', 'Vitamin C', 'R 199.00', 'R 226.86', 1, 33, ''),
('Supplement-103', 'SUPPLIER C', 'Vitamin K2 30''s', 'R 554.60', 'R 632.24', 1, 45, ''),
('Supplement-104', 'SUPPLIER G', 'Vitamin Double C', 'R 363.00', 'R 413.82', 2, 5, ''),
('Supplement-105', 'SUPPLIER B', 'Men Adult 50+ 60''s', 'R 271.00', 'R 308.94', 2, 39, ''),
('Supplement-106', 'SUPPLIER G', 'Folic Acid 60''s', 'R 266.00', 'R 303.24', 3, 26, ''),
('Supplement-107', 'SUPPLIER G', 'Ginkgo Biloba Extract 30 x 200', 'R 266.00', 'R 303.24', 9, 6, ''),
('Supplement-108', 'SUPPLIER B', 'Vitamin K2 30''s', 'R 273.00', 'R 311.22', 6, 1, ''),
('Supplement-109', 'SUPPLIER G', 'Airmune Effervescent', 'R 193.00', 'R 220.02', 6, 3, ''),
('Supplement-11', 'SUPPLIER C', 'Burnout Support 60''s', 'R 147.85', 'R 168.55', 7, 49, ''),
('Supplement-110', 'SUPPLIER B', 'Garcinia Tablets 60''s', 'R 213.00', 'R 242.82', 7, 45, ''),
('Supplement-111', 'SUPPLIER G', 'Breather Inhaler', 'R 123.00', 'R 140.22', 3, 41, ''),
('Supplement-112', 'SUPPLIER G', 'Ozone Healing Gel', 'R 2 408.00', 'R 2 745.12', 1, 34, ''),
('Supplement-113', 'SUPPLIER G', 'Honey scrub', 'R 117.00', 'R 133.38', 2, 13, ''),
('Supplement-114', 'SUPPLIER G', 'Glucose', 'R 221.00', 'R 251.94', 8, 50, ''),
('Supplement-115', 'SUPPLIER G', 'Green tea extract 60''s', 'R 371.00', 'R 422.94', 10, 44, ''),
('Supplement-116', 'SUPPLIER D', 'Chromium Polynicotinate 90 x 1', 'R 220.00', 'R 250.80', 4, 24, ''),
('Supplement-117', 'SUPPLIER G', 'Coffee scrub', 'R 224.50', 'R 255.93', 1, 1, ''),
('Supplement-118', 'SUPPLIER B', 'Calmag 120''s', 'R 167.00', 'R 190.38', 7, 6, ''),
('Supplement-119', 'SUPPLIER C', 'Garcinia Tablets 60''s', 'R 178.44', 'R 203.42', 8, 50, ''),
('Supplement-12', 'SUPPLIER G', 'Cellfood 30ml', 'R 262.00', 'R 298.68', 1, 13, ''),
('Supplement-120', 'SUPPLIER C', 'Calmag 120''s', 'R 192.91', 'R 219.92', 3, 9, ''),
('Supplement-121', 'SUPPLIER G', 'Natural sleep formula 120''s', 'R 270.00', 'R 307.80', 1, 42, ''),
('Supplement-122', 'SUPPLIER G', 'Homocysteine lowering support ', 'R 233.00', 'R 265.62', 5, 46, ''),
('Supplement-123', 'SUPPLIER B', 'Chromium 90''s', 'R 292.00', 'R 332.88', 1, 15, ''),
('Supplement-124', 'SUPPLIER G', 'Hormone balance 120''s', 'R 255.00', 'R 290.70', 8, 5, ''),
('Supplement-125', 'SUPPLIER B', 'Iron Plus 30''s', 'R 145.00', 'R 165.30', 10, 25, ''),
('Supplement-126', 'SUPPLIER C', 'Chromium 90''s', 'R 233.46', 'R 266.14', 5, 12, ''),
('Supplement-127', 'SUPPLIER B', 'Vitamin D3 60''s', 'R 171.00', 'R 194.94', 9, 18, ''),
('Supplement-128', 'SUPPLIER G', 'Inflammation and pain support ', 'R 199.00', 'R 226.86', 1, 47, ''),
('Supplement-129', 'SUPPLIER G', 'Iron Plus 30''s', 'R 240.00', 'R 273.60', 5, 47, ''),
('Supplement-13', 'SUPPLIER G', 'Women Adult 90''s', 'R 136.00', 'R 155.04', 8, 44, ''),
('Supplement-130', 'SUPPLIER G', 'Krill Oil Omega 3 60''s', 'R 186.00', 'R 212.04', 4, 35, ''),
('Supplement-131', 'SUPPLIER B', 'Curcumin 30''s', 'R 270.00', 'R 307.80', 3, 40, ''),
('Supplement-132', 'SUPPLIER H', 'Cellfood 30ml', 'R 292.00', 'R 332.88', 7, 16, ''),
('Supplement-133', 'SUPPLIER D', 'Curcumin 60s', 'R 235.00', 'R 267.90', 8, 13, ''),
('Supplement-134', 'SUPPLIER D', 'Vitamin C', 'R 194.00', 'R 221.16', 6, 15, ''),
('Supplement-135', 'SUPPLIER H', 'Women Adult 90''s', 'R 170.00', 'R 193.80', 2, 10, ''),
('Supplement-136', 'SUPPLIER H', 'Women 60+ 90''s', 'R 207.00', 'R 235.98', 5, 17, ''),
('Supplement-137', 'SUPPLIER H', 'Men Adult 90''s', 'R 189.00', 'R 215.46', 1, 17, ''),
('Supplement-138', 'SUPPLIER H', 'Men 60+ 90''s', 'R 271.00', 'R 308.94', 3, 26, ''),
('Supplement-139', 'SUPPLIER H', 'Children 120''s', 'R 127.00', 'R 144.78', 10, 32, ''),
('Supplement-14', 'SUPPLIER G', 'Women 60+ 90''s', 'R 278.13', 'R 317.07', 6, 37, ''),
('Supplement-140', 'SUPPLIER C', 'Iron Plus 30''s', 'R 178.70', 'R 203.72', 7, 24, ''),
('Supplement-141', 'SUPPLIER D', 'Vitamin Double C', 'R 207.00', 'R 235.98', 3, 7, ''),
('Supplement-142', 'SUPPLIER H', 'Women Teens 120''s', 'R 148.00', 'R 168.72', 2, 18, ''),
('Supplement-143', 'SUPPLIER B', 'Milk Thistle Extract 90''s', 'R 166.00', 'R 189.24', 10, 5, ''),
('Supplement-144', 'SUPPLIER B', 'Natural memory support 60''s', 'R 170.00', 'R 193.80', 8, 11, ''),
('Supplement-145', 'SUPPLIER H', 'Men Teens 120''s', 'R 222.00', 'R 253.08', 4, 40, ''),
('Supplement-146', 'SUPPLIER B', 'Calmag 120 x 600mg', 'R 220.00', 'R 250.80', 9, 21, ''),
('Supplement-147', 'SUPPLIER C', 'Vitamin D3 60''s', 'R 219.58', 'R 250.32', 6, 42, ''),
('Supplement-148', 'SUPPLIER C', 'Curcumin 30''s', 'R 188.60', 'R 215.00', 8, 32, ''),
('Supplement-149', 'SUPPLIER B', 'Calcium Glycinate 60''s', 'R 218.00', 'R 248.52', 8, 48, ''),
('Supplement-15', 'SUPPLIER G', 'Men Adult 90''s', 'R 330.00', 'R 376.20', 7, 37, ''),
('Supplement-150', 'SUPPLIER B', 'Chromium Polynicotinate 90 x 1', 'R 325.00', 'R 370.50', 3, 49, ''),
('Supplement-151', 'SUPPLIER H', 'Babies 60''s', 'R 228.29', 'R 260.25', 9, 4, ''),
('Supplement-152', 'SUPPLIER B', 'Curcumin 60s', 'R 229.00', 'R 261.06', 7, 45, ''),
('Supplement-153', 'SUPPLIER B', 'Vitamin C', 'R 196.00', 'R 223.44', 5, 3, ''),
('Supplement-154', 'SUPPLIER H', 'Airmune Effervescent', 'R 304.00', 'R 346.56', 3, 19, ''),
('Supplement-155', 'SUPPLIER H', 'Breather Inhaler', 'R 148.00', 'R 168.72', 3, 7, ''),
('Supplement-156', 'SUPPLIER H', 'Ozone Healing Gel', 'R 179.00', 'R 204.06', 3, 31, ''),
('Supplement-157', 'SUPPLIER B', 'Vitamin Double C', 'R 239.00', 'R 272.46', 8, 28, ''),
('Supplement-158', 'SUPPLIER B', 'Folic Acid 60''s', 'R 166.50', 'R 189.81', 3, 10, ''),
('Supplement-159', 'SUPPLIER B', 'Ginkgo Biloba Extract 30 x 200', 'R 223.00', 'R 254.22', 2, 48, ''),
('Supplement-16', 'SUPPLIER G', 'Men 60+ 90''s', 'R 245.00', 'R 279.30', 5, 25, ''),
('Supplement-160', 'SUPPLIER G', 'Aloe Vera scrub', 'R 258.00', 'R 294.12', 2, 40, ''),
('Supplement-161', 'SUPPLIER B', 'Glucose', 'R 199.00', 'R 226.86', 8, 20, ''),
('Supplement-162', 'SUPPLIER G', 'Olive healing gel', 'R 240.00', 'R 273.60', 4, 32, ''),
('Supplement-163', 'SUPPLIER B', 'Green tea extract 60''s', 'R 155.00', 'R 176.70', 10, 43, ''),
('Supplement-164', 'SUPPLIER B', 'Natural sleep formula 120''s', 'R 254.00', 'R 289.56', 8, 24, ''),
('Supplement-165', 'SUPPLIER H', 'Honey scrub', 'R 271.00', 'R 308.94', 9, 49, ''),
('Supplement-166', 'SUPPLIER B', 'Homocysteine lowering support ', 'R 179.00', 'R 204.06', 6, 42, ''),
('Supplement-167', 'SUPPLIER B', 'Hormone balance 120''s', 'R 194.00', 'R 221.16', 1, 35, ''),
('Supplement-168', 'SUPPLIER G', 'Stress relief 120''s', 'R 194.00', 'R 221.16', 5, 29, ''),
('Supplement-169', 'SUPPLIER H', 'Coffee scrub', 'R 222.00', 'R 253.08', 6, 33, ''),
('Supplement-17', 'SUPPLIER G', 'Children 120''s', 'R 230.33', 'R 262.58', 8, 36, ''),
('Supplement-170', 'SUPPLIER B', 'Inflammation and pain support ', 'R 221.00', 'R 251.94', 3, 21, ''),
('Supplement-171', 'SUPPLIER H', 'Aloe Vera scrub', 'R 382.00', 'R 435.48', 5, 25, ''),
('Supplement-172', 'SUPPLIER B', 'Iron Plus 30''s', 'R 185.00', 'R 210.90', 6, 12, ''),
('Supplement-173', 'SUPPLIER B', 'Krill Oil Omega 3 60''s', 'R 283.00', 'R 322.62', 5, 5, ''),
('Supplement-174', 'SUPPLIER H', 'Olive healing gel', 'R 306.00', 'R 348.84', 4, 42, ''),
('Supplement-175', 'SUPPLIER B', 'Cellfood 30ml', 'R 282.00', 'R 321.48', 8, 18, ''),
('Supplement-176', 'SUPPLIER B', 'Women Adult 90''s', 'R 179.00', 'R 204.06', 1, 11, ''),
('Supplement-177', 'SUPPLIER B', 'Women 60+ 90''s', 'R 217.00', 'R 247.38', 2, 28, ''),
('Supplement-178', 'SUPPLIER B', 'Men Adult 90''s', 'R 217.33', 'R 247.76', 7, 20, ''),
('Supplement-179', 'SUPPLIER H', 'Stress relief 120''s', 'R 290.00', 'R 330.60', 8, 23, ''),
('Supplement-18', 'SUPPLIER B', 'Krill Oil Omega 3 60''s', 'R 153.00', 'R 174.42', 3, 38, ''),
('Supplement-180', 'SUPPLIER H', 'Appetite control chewies 40''s', 'R 179.00', 'R 204.06', 6, 4, ''),
('Supplement-181', 'SUPPLIER I', 'Omega 3 Double Strength 60''s', 'R 211.00', 'R 240.54', 7, 27, ''),
('Supplement-182', 'SUPPLIER B', 'Men 60+ 90''s', 'R 239.00', 'R 272.46', 2, 6, ''),
('Supplement-183', 'SUPPLIER I', 'Skin Formula 60''s', 'R 266.00', 'R 303.24', 9, 29, ''),
('Supplement-184', 'SUPPLIER I', 'Krill Oil 30''s', 'R 317.00', 'R 361.38', 2, 19, ''),
('Supplement-185', 'SUPPLIER I', 'Anti-Anxiety tables 30''s', 'R 184.00', 'R 209.76', 6, 20, ''),
('Supplement-186', 'SUPPLIER B', 'Children 120''s', 'R 229.00', 'R 261.06', 5, 4, ''),
('Supplement-187', 'SUPPLIER B', 'Women Teens 120''s', 'R 168.00', 'R 191.52', 7, 42, ''),
('Supplement-188', 'SUPPLIER G', 'Appetite control chewies 40''s', 'R 169.00', 'R 192.66', 10, 30, ''),
('Supplement-189', 'SUPPLIER B', 'Men Teens 120''s', 'R 140.00', 'R 159.60', 4, 42, ''),
('Supplement-19', 'SUPPLIER B', 'Cellfood 30ml', 'R 107.00', 'R 121.98', 4, 40, ''),
('Supplement-190', 'SUPPLIER I', 'Burnout Support 60''s', 'R 266.00', 'R 303.24', 1, 31, ''),
('Supplement-191', 'SUPPLIER I', 'Natural Antibiotics 120''s', 'R 296.00', 'R 337.44', 1, 25, ''),
('Supplement-192', 'SUPPLIER B', 'Babies 60''s', 'R 232.00', 'R 264.48', 7, 24, ''),
('Supplement-193', 'SUPPLIER G', 'Airmune Effervescent', 'R 234.00', 'R 266.76', 10, 2, ''),
('Supplement-194', 'SUPPLIER I', 'Anti-Cholesterol 60''s', 'R 241.00', 'R 274.74', 4, 15, ''),
('Supplement-195', 'SUPPLIER I', 'Natural Probiotic 120''s', 'R 271.00', 'R 308.94', 10, 7, ''),
('Supplement-196', 'SUPPLIER I', 'Collagen Complex 60''s', 'R 299.00', 'R 340.86', 8, 14, ''),
('Supplement-197', 'SUPPLIER I', 'Anti-inflammatory control 120''', 'R 274.00', 'R 312.36', 2, 5, ''),
('Supplement-198', 'SUPPLIER I', 'Appetite control 60''s', 'R 202.00', 'R 230.28', 4, 37, ''),
('Supplement-199', 'SUPPLIER I', 'Women Adult 60''s', 'R 267.00', 'R 304.38', 1, 26, ''),
('Supplement-2', 'SUPPLIER B', 'Homocysteine lowering support ', 'R 215.00', 'R 245.10', 1, 41, ''),
('Supplement-20', 'SUPPLIER B', 'Women Adult 90''s', 'R 173.00', 'R 197.22', 4, 18, ''),
('Supplement-200', 'SUPPLIER I', 'Women Adult 50+ 60''s', 'R 242.00', 'R 275.88', 5, 12, ''),
('Supplement-201', 'SUPPLIER I', 'Women Adult 70+ 60''s', 'R 244.00', 'R 278.16', 4, 45, ''),
('Supplement-202', 'SUPPLIER I', 'Men Adult 60''s', 'R 210.00', 'R 239.40', 10, 46, ''),
('Supplement-203', 'SUPPLIER I', 'Men Adult 50+ 60''s', 'R 342.00', 'R 389.88', 6, 29, ''),
('Supplement-204', 'SUPPLIER I', 'Vitamin K2 30''s', 'R 305.00', 'R 347.70', 6, 25, ''),
('Supplement-205', 'SUPPLIER I', 'Garcinia Tablets 60''s', 'R 268.00', 'R 305.52', 7, 10, ''),
('Supplement-206', 'SUPPLIER I', 'Calmag 120''s', 'R 291.00', 'R 331.74', 6, 15, ''),
('Supplement-207', 'SUPPLIER G', 'Breather Inhaler', 'R 552.20', 'R 629.51', 4, 1, ''),
('Supplement-208', 'SUPPLIER I', 'Chromium 90''s', 'R 252.00', 'R 287.28', 9, 35, ''),
('Supplement-209', 'SUPPLIER B', 'Airmune Effervescent', 'R 180.00', 'R 205.20', 5, 21, ''),
('Supplement-21', 'SUPPLIER A', 'Anti-Anxiety tables 30''s', 'R 263.00', 'R 299.82', 6, 17, ''),
('Supplement-210', 'SUPPLIER B', 'Breather Inhaler', 'R 171.00', 'R 194.94', 1, 42, ''),
('Supplement-211', 'SUPPLIER B', 'Ozone Healing Gel', 'R 211.00', 'R 240.54', 10, 33, ''),
('Supplement-212', 'SUPPLIER I', 'Iron Plus 30''s', 'R 264.00', 'R 300.96', 9, 28, ''),
('Supplement-213', 'SUPPLIER I', 'Vitamin D3 60''s', 'R 228.00', 'R 259.92', 9, 35, ''),
('Supplement-214', 'SUPPLIER G', 'Ozone Healing Gel', 'R 231.00', 'R 263.34', 3, 30, ''),
('Supplement-215', 'SUPPLIER I', 'Curcumin 30''s', 'R 248.00', 'R 282.72', 10, 20, ''),
('Supplement-216', 'SUPPLIER B', 'Honey scrub', 'R 316.00', 'R 360.24', 6, 12, ''),
('Supplement-217', 'SUPPLIER I', 'Milk Thistle Extract 90''s', 'R 329.00', 'R 375.06', 8, 5, ''),
('Supplement-218', 'SUPPLIER B', 'Coffee scrub', 'R 202.00', 'R 230.28', 8, 16, ''),
('Supplement-219', 'SUPPLIER I', 'Natural memory support 60''s', 'R 215.00', 'R 245.10', 9, 23, ''),
('Supplement-22', 'SUPPLIER B', 'Women 60+ 90''s', 'R 163.00', 'R 185.82', 6, 36, ''),
('Supplement-220', 'SUPPLIER B', 'Aloe Vera scrub', 'R 281.00', 'R 320.34', 7, 35, ''),
('Supplement-221', 'SUPPLIER B', 'Olive healing gel', 'R 193.00', 'R 220.02', 4, 22, ''),
('Supplement-222', 'SUPPLIER G', 'Honey scrub', 'R 309.00', 'R 352.26', 8, 6, ''),
('Supplement-223', 'SUPPLIER G', 'Coffee scrub', 'R 315.00', 'R 359.10', 9, 24, ''),
('Supplement-224', 'SUPPLIER G', 'Aloe Vera scrub', 'R 272.00', 'R 310.08', 4, 47, ''),
('Supplement-225', 'SUPPLIER G', 'Olive healing gel', 'R 186.50', 'R 212.61', 5, 31, ''),
('Supplement-226', 'SUPPLIER G', 'Stress relief 120''s', 'R 132.00', 'R 150.48', 9, 36, ''),
('Supplement-227', 'SUPPLIER G', 'Appetite control chewies 40''s', 'R 292.00', 'R 332.88', 10, 9, ''),
('Supplement-228', 'SUPPLIER C', 'Milk Thistle Extract 90''s', 'R 197.16', 'R 224.76', 6, 28, ''),
('Supplement-229', 'SUPPLIER C', 'Natural memory support 60''s', 'R 156.20', 'R 178.07', 4, 24, ''),
('Supplement-23', 'SUPPLIER B', 'Men Adult 90''s', 'R 500.00', 'R 570.00', 9, 29, ''),
('Supplement-230', 'SUPPLIER I', 'Calmag 120 x 600mg', 'R 216.00', 'R 246.24', 7, 8, ''),
('Supplement-231', 'SUPPLIER I', 'Calcium Glycinate 60''s', 'R 328.00', 'R 373.92', 7, 46, ''),
('Supplement-232', 'SUPPLIER I', 'Chromium Polynicotinate 90 x 1', 'R 295.00', 'R 336.30', 2, 8, ''),
('Supplement-233', 'SUPPLIER I', 'Curcumin 60s', 'R 237.71', 'R 270.99', 9, 15, ''),
('Supplement-234', 'SUPPLIER I', 'Vitamin C', 'R 270.00', 'R 307.80', 10, 48, ''),
('Supplement-235', 'SUPPLIER C', 'Calmag 120 x 600mg', 'R 192.89', 'R 219.89', 8, 37, ''),
('Supplement-236', 'SUPPLIER I', 'Vitamin Double C', 'R 205.00', 'R 233.70', 7, 32, ''),
('Supplement-237', 'SUPPLIER I', 'Folic Acid 60''s', 'R 186.00', 'R 212.04', 5, 44, ''),
('Supplement-238', 'SUPPLIER I', 'Ginkgo Biloba Extract 30 x 200', 'R 211.00', 'R 240.54', 3, 34, ''),
('Supplement-239', 'SUPPLIER B', 'Stress relief 120''s', 'R 261.00', 'R 297.54', 9, 36, ''),
('Supplement-24', 'SUPPLIER C', 'Natural Antibiotics 120''s', 'R 202.31', 'R 230.63', 1, 10, ''),
('Supplement-240', 'SUPPLIER B', 'Appetite control chewies 40''s', 'R 144.00', 'R 164.16', 3, 37, ''),
('Supplement-241', 'SUPPLIER I', 'Glucose', 'R 238.00', 'R 271.32', 1, 46, ''),
('Supplement-242', 'SUPPLIER I', 'Green tea extract 60''s', 'R 269.00', 'R 306.66', 4, 5, ''),
('Supplement-243', 'SUPPLIER I', 'Natural sleep formula 120''s', 'R 154.00', 'R 175.56', 2, 19, ''),
('Supplement-244', 'SUPPLIER B', 'Omega 3 Double Strength 60''s', 'R 281.00', 'R 320.34', 7, 49, ''),
('Supplement-245', 'SUPPLIER E', 'Iron Plus 30''s', 'R 288.80', 'R 329.23', 9, 40, ''),
('Supplement-25', 'SUPPLIER B', 'Men 60+ 90''s', 'R 275.00', 'R 313.50', 7, 35, ''),
('Supplement-26', 'SUPPLIER A', 'Burnout Support 60''s', 'R 248.00', 'R 282.72', 6, 17, ''),
('Supplement-27', 'SUPPLIER A', 'Natural Antibiotics 120''s', 'R 205.00', 'R 233.70', 3, 8, ''),
('Supplement-28', 'SUPPLIER D', 'Calcium Glycinate 60''s', 'R 263.00', 'R 299.82', 8, 29, ''),
('Supplement-29', 'SUPPLIER B', 'Children 120''s', 'R 210.00', 'R 239.40', 9, 33, ''),
('Supplement-3', 'SUPPLIER C', 'Skin Formula 60''s', 'R 216.81', 'R 247.16', 1, 22, ''),
('Supplement-30', 'SUPPLIER A', 'Anti-Cholesterol 60''s', 'R 298.00', 'R 339.72', 7, 28, ''),
('Supplement-31', 'SUPPLIER C', 'Anti-Cholesterol 60''s', 'R 127.62', 'R 145.49', 3, 43, ''),
('Supplement-32', 'SUPPLIER B', 'Women Teens 120''s', 'R 203.00', 'R 231.42', 5, 22, ''),
('Supplement-33', 'SUPPLIER A', 'Natural Probiotic 120''s', 'R 217.00', 'R 247.38', 1, 23, ''),
('Supplement-34', 'SUPPLIER A', 'Collagen Complex 60''s', 'R 257.00', 'R 292.98', 6, 3, ''),
('Supplement-35', 'SUPPLIER A', 'Anti-inflammatory control 120''', 'R 140.00', 'R 159.60', 10, 4, ''),
('Supplement-36', 'SUPPLIER A', 'Appetite control 60''s', 'R 237.00', 'R 270.18', 6, 23, ''),
('Supplement-37', 'SUPPLIER C', 'Natural Probiotic 120''s', 'R 196.54', 'R 224.06', 8, 2, ''),
('Supplement-38', 'SUPPLIER B', 'Men Teens 120''s', 'R 194.00', 'R 221.16', 6, 9, ''),
('Supplement-39', 'SUPPLIER B', 'Babies 60''s', 'R 232.00', 'R 264.48', 1, 35, ''),
('Supplement-4', 'SUPPLIER B', 'Hormone balance 120''s', 'R 222.00', 'R 253.08', 10, 13, ''),
('Supplement-40', 'SUPPLIER C', 'Collagen Complex 60''s', 'R 126.47', 'R 144.18', 10, 5, ''),
('Supplement-41', 'SUPPLIER F', 'Krill Oil Omega 3 60''s', 'R 164.00', 'R 186.96', 6, 29, ''),
('Supplement-42', 'SUPPLIER B', 'Airmune Effervescent', 'R 355.00', 'R 404.70', 10, 17, ''),
('Supplement-43', 'SUPPLIER A', 'Women Adult 60''s', 'R 199.00', 'R 226.86', 5, 5, ''),
('Supplement-44', 'SUPPLIER A', 'Women Adult 50+ 60''s', 'R 222.00', 'R 253.08', 5, 24, ''),
('Supplement-45', 'SUPPLIER B', 'Breather Inhaler', 'R 125.00', 'R 142.50', 9, 2, ''),
('Supplement-46', 'SUPPLIER B', 'Ozone Healing Gel', 'R 174.00', 'R 198.36', 10, 3, ''),
('Supplement-47', 'SUPPLIER C', 'Anti-inflammatory control 120''', 'R 247.05', 'R 281.64', 5, 10, ''),
('Supplement-48', 'SUPPLIER B', 'Honey scrub', 'R 261.00', 'R 297.54', 2, 6, ''),
('Supplement-49', 'SUPPLIER A', 'Women Adult 70+ 60''s', 'R 232.00', 'R 264.48', 10, 38, ''),
('Supplement-5', 'SUPPLIER B', 'Inflammation and pain support ', 'R 201.00', 'R 229.14', 8, 1, ''),
('Supplement-50', 'SUPPLIER E', 'Folic Acid 60''s', 'R 268.89', 'R 306.53', 4, 49, ''),
('Supplement-51', 'SUPPLIER E', 'Ginkgo Biloba Extract 30 x 200', 'R 134.06', 'R 152.83', 1, 15, ''),
('Supplement-52', 'SUPPLIER E', 'Glucose', 'R 157.58', 'R 179.64', 5, 33, ''),
('Supplement-53', 'SUPPLIER E', 'Green tea extract 60''s', 'R 170.05', 'R 193.86', 7, 17, ''),
('Supplement-54', 'SUPPLIER E', 'Natural sleep formula 120''s', 'R 225.58', 'R 257.16', 10, 16, ''),
('Supplement-55', 'SUPPLIER E', 'Homocysteine lowering support ', 'R 146.56', 'R 167.08', 3, 48, ''),
('Supplement-56', 'SUPPLIER E', 'Hormone balance 120''s', 'R 4 198.00', 'R 4 785.72', 10, 15, ''),
('Supplement-57', 'SUPPLIER C', 'Appetite control 60''s', 'R 168.39', 'R 191.96', 4, 9, ''),
('Supplement-58', 'SUPPLIER C', 'Women Adult 60''s', 'R 203.46', 'R 231.94', 3, 41, ''),
('Supplement-59', 'SUPPLIER C', 'Women Adult 50+ 60''s', 'R 174.00', 'R 198.36', 4, 39, ''),
('Supplement-6', 'SUPPLIER A', 'Skin Formula 60''s', 'R 259.00', 'R 295.26', 5, 36, ''),
('Supplement-60', 'SUPPLIER B', 'Coffee scrub', 'R 202.00', 'R 230.28', 10, 19, ''),
('Supplement-61', 'SUPPLIER G', 'Women Teens 120''s', 'R 212.00', 'R 241.68', 3, 11, ''),
('Supplement-62', 'SUPPLIER E', 'Inflammation and pain support ', 'R 342.94', 'R 390.95', 10, 34, ''),
('Supplement-63', 'SUPPLIER B', 'Aloe Vera scrub', 'R 143.00', 'R 163.02', 3, 26, ''),
('Supplement-64', 'SUPPLIER B', 'Olive healing gel', 'R 141.00', 'R 160.74', 4, 6, ''),
('Supplement-65', 'SUPPLIER B', 'Stress relief 120''s', 'R 160.00', 'R 182.40', 2, 8, ''),
('Supplement-66', 'SUPPLIER B', 'Appetite control chewies 40''s', 'R 142.00', 'R 161.88', 2, 1, ''),
('Supplement-67', 'SUPPLIER B', 'Omega 3 Double Strength 60''s', 'R 104.00', 'R 118.56', 9, 39, ''),
('Supplement-68', 'SUPPLIER B', 'Skin Formula 60''s', 'R 211.00', 'R 240.54', 2, 18, ''),
('Supplement-69', 'SUPPLIER B', 'Krill Oil 30''s', 'R 162.00', 'R 184.68', 1, 48, ''),
('Supplement-7', 'SUPPLIER C', 'Krill Oil 30''s', 'R 221.00', 'R 251.94', 1, 34, ''),
('Supplement-70', 'SUPPLIER B', 'Anti-Anxiety tables 30''s', 'R 184.00', 'R 209.76', 2, 26, ''),
('Supplement-71', 'SUPPLIER A', 'Men Adult 60''s', 'R 310.00', 'R 353.40', 5, 3, ''),
('Supplement-72', 'SUPPLIER A', 'Men Adult 50+ 60''s', 'R 224.00', 'R 255.36', 1, 17, ''),
('Supplement-73', 'SUPPLIER C', 'Women Adult 70+ 60''s', 'R 235.77', 'R 268.78', 7, 36, ''),
('Supplement-74', 'SUPPLIER A', 'Vitamin K2 30''s', 'R 234.00', 'R 266.76', 1, 15, ''),
('Supplement-75', 'SUPPLIER B', 'Burnout Support 60''s', 'R 197.00', 'R 224.58', 6, 22, ''),
('Supplement-76', 'SUPPLIER B', 'Natural Antibiotics 120''s', 'R 275.00', 'R 313.50', 2, 8, ''),
('Supplement-77', 'SUPPLIER A', 'Garcinia Tablets 60''s', 'R 220.00', 'R 250.80', 1, 49, ''),
('Supplement-78', 'SUPPLIER B', 'Anti-Cholesterol 60''s', 'R 223.00', 'R 254.22', 10, 49, ''),
('Supplement-79', 'SUPPLIER B', 'Natural Probiotic 120''s', 'R 172.00', 'R 196.08', 3, 39, ''),
('Supplement-8', 'SUPPLIER B', 'Iron Plus 30''s', 'R 171.00', 'R 194.94', 1, 27, ''),
('Supplement-80', 'SUPPLIER B', 'Collagen Complex 60''s', 'R 258.00', 'R 294.12', 4, 36, ''),
('Supplement-81', 'SUPPLIER B', 'Anti-inflammatory control 120''', 'R 287.00', 'R 327.18', 5, 43, ''),
('Supplement-82', 'SUPPLIER B', 'Appetite control 60''s', 'R 169.00', 'R 192.66', 10, 7, ''),
('Supplement-83', 'SUPPLIER A', 'Calmag 120''s', 'R 259.00', 'R 295.26', 1, 40, ''),
('Supplement-84', 'SUPPLIER B', 'Women Adult 60''s', 'R 142.00', 'R 161.88', 6, 6, ''),
('Supplement-85', 'SUPPLIER A', 'Chromium 90''s', 'R 223.00', 'R 254.22', 6, 31, ''),
('Supplement-86', 'SUPPLIER A', 'Iron Plus 30''s', 'R 177.00', 'R 201.78', 1, 45, ''),
('Supplement-87', 'SUPPLIER A', 'Vitamin D3 60''s', 'R 137.00', 'R 156.18', 5, 48, ''),
('Supplement-88', 'SUPPLIER G', 'Men Teens 120''s', 'R 306.03', 'R 348.87', 2, 17, ''),
('Supplement-89', 'SUPPLIER C', 'Men Adult 60''s', 'R 274.00', 'R 312.36', 2, 19, ''),
('Supplement-9', 'SUPPLIER A', 'Krill Oil 30''s', 'R 326.00', 'R 371.64', 8, 33, ''),
('Supplement-90', 'SUPPLIER B', 'Women Adult 50+ 60''s', 'R 159.00', 'R 181.26', 4, 19, ''),
('Supplement-91', 'SUPPLIER A', 'Curcumin 30''s', 'R 230.00', 'R 262.20', 6, 3, ''),
('Supplement-92', 'SUPPLIER B', 'Women Adult 70+ 60''s', 'R 232.00', 'R 264.48', 4, 20, ''),
('Supplement-93', 'SUPPLIER C', 'Men Adult 50+ 60''s', 'R 229.26', 'R 261.36', 5, 36, ''),
('Supplement-94', 'SUPPLIER A', 'Milk Thistle Extract 90''s', 'R 221.00', 'R 251.94', 6, 36, ''),
('Supplement-95', 'SUPPLIER A', 'Natural memory support 60''s', 'R 181.00', 'R 206.34', 8, 13, ''),
('Supplement-96', 'SUPPLIER G', 'Calmag 120 x 600mg', 'R 176.00', 'R 200.64', 10, 6, ''),
('Supplement-97', 'SUPPLIER G', 'Calcium Glycinate 60''s', 'R 201.00', 'R 229.14', 4, 30, ''),
('Supplement-98', 'SUPPLIER B', 'Men Adult 60''s', 'R 191.00', 'R 217.74', 7, 49, ''),
('Supplement-99', 'SUPPLIER G', 'Chromium Polynicotinate 90 x 1', 'R 185.00', 'R 210.90', 7, 22, '');

-- --------------------------------------------------------

--
-- Table structure for table `tblsupplierinfo`
--

CREATE TABLE IF NOT EXISTS `tblsupplierinfo` (
  `Supplier_ID` varchar(15) NOT NULL,
  `Contact_Person` varchar(30) NOT NULL,
  `Supplier_Tel` varchar(30) NOT NULL,
  `Supplier_Email` varchar(50) NOT NULL,
  `Bank` varchar(30) NOT NULL,
  `Bank_Code` varchar(10) NOT NULL,
  `Supplier_BankNum` varchar(30) NOT NULL,
  `Supplier_Type_Bank_Account` varchar(20) NOT NULL,
  PRIMARY KEY (`Supplier_ID`)
) ENGINE=InnoDB DEFAULT CHARSET=latin1;

--
-- Dumping data for table `tblsupplierinfo`
--

INSERT INTO `tblsupplierinfo` (`Supplier_ID`, `Contact_Person`, `Supplier_Tel`, `Supplier_Email`, `Bank`, `Bank_Code`, `Supplier_BankNum`, `Supplier_Type_Bank_Account`) VALUES
('SUPPLIER A', 'John Adams', '(011)-(863)-(0056)', 'johnadams@suppliera.co.za', 'Standard Bank', '11813', '01887092', 'Cheque'),
('SUPPLIER B', 'Mary Nkosi', '(011)-(894)-(9004)', 'mary@webmail.com', 'Standard Bank', '23460', '420315985', 'Cheque'),
('SUPPLIER C', 'Ben Brandt', '(012)-(456)-(2345)', '', 'Capitec', '470010', '4063452826', 'Cheque'),
('SUPPLIER D', 'Freddy Nell', '(081)-(345)-(1268)', '', '', '', '', ''),
('SUPPLIER E', 'Lee Singh', '(011)-(543)-(1136)', 'suppliere@absamail.co.za', 'ABSA', '', '4063467827', 'Cheque'),
('SUPPLIER F', 'John or Gert', '(012)-(766)-(3333)', 'johnmalan@mweb.co.za', 'ABSA', '', '4028764343', 'Cheque'),
('SUPPLIER G', 'Matthew Nel', '(082)-(820)-(5123)', 'mmnel@mymail.com', 'ABSA', '', '403457878', 'Credit'),
('SUPPLIER H', 'Frank Moepa', '(031)-(089)-(5612)', 'fmoepa@thismail.co.za', 'Nedbank', '198765', '15647878787', 'Cheque'),
('SUPPLIER I', 'Mary Seopa', '(015)-(876)-(1234)', 'ml@supplieri.co.za', 'Thyme', '678910', '5467878781231', 'Credit');

--
-- Constraints for dumped tables
--

--
-- Constraints for table `tblclientinfo`
--
ALTER TABLE `tblclientinfo`
  ADD CONSTRAINT `Client_Reference` FOREIGN KEY (`Reference_ID`) REFERENCES `tblreference` (`Reference_ID`) ON UPDATE CASCADE;

--
-- Constraints for table `tblinvinfo`
--
ALTER TABLE `tblinvinfo`
  ADD CONSTRAINT `Inv_Client` FOREIGN KEY (`Client_id`) REFERENCES `tblclientinfo` (`Client_id`) ON UPDATE CASCADE;

--
-- Constraints for table `tblinvitem`
--
ALTER TABLE `tblinvitem`
  ADD CONSTRAINT `Inv_Item` FOREIGN KEY (`Inv_Num`) REFERENCES `tblinvinfo` (`Inv_Num`) ON UPDATE CASCADE,
  ADD CONSTRAINT `Inv_Supplement` FOREIGN KEY (`Supplement_id`) REFERENCES `tblsupplement` (`Supplement_id`) ON UPDATE CASCADE;

--
-- Constraints for table `tblsupplement`
--
ALTER TABLE `tblsupplement`
  ADD CONSTRAINT `Supplier_Supplement` FOREIGN KEY (`Supplier_ID`) REFERENCES `tblsupplierinfo` (`Supplier_ID`) ON UPDATE CASCADE;

/*!40101 SET CHARACTER_SET_CLIENT=@OLD_CHARACTER_SET_CLIENT */;
/*!40101 SET CHARACTER_SET_RESULTS=@OLD_CHARACTER_SET_RESULTS */;
/*!40101 SET COLLATION_CONNECTION=@OLD_COLLATION_CONNECTION */;
